time,position,velocity,acceleration,KE,PE,Total_E,F_spring,F_damping,F_total,x_exact,v_exact,a_exact,error_x,error_v,error_a
0.0,1.0,0.0,-20.0,0.0,10.0,10.0,-20.0,-0.0,-20.0,1.0,0.0,-20.0,0.0,0.0,0.0
0.1,0.9248142396999972,-1.275758569300087,-7.08555325866846,0.8137799635713024,8.55281377951884,9.366593743090142,-18.496284793999944,11.410731535331484,-7.08555325866846,0.9253589653532782,-1.2788146383237942,-7.069113459410316,0.0005447256532810085,0.003056069023707142,0.016439799258144205
0.2,0.7739033815947536,-1.6318124557069384,-0.8826933219287554,1.3314059453001545,5.989264440437948,7.320670385738103,-15.478067631895073,14.595374309966317,-0.8826933219287554,0.7745208708001288,-1.6353668791912164,-0.8632513759095897,0.0006174892053751879,0.0035544234842779243,0.019441946019165712
0.30000000000000004,0.6116269312578716,-1.565428574033326,1.7690801966788854,1.2252833102000062,3.7408750303992115,4.966158340599218,-12.232538625157432,14.001618821836317,1.7690801966788854,0.6121432764411457,-1.5684983281047207,1.7862100081247831,0.0005163451832741472,0.003069754071394648,0.017129811445897758
0.4,0.46578584951377944,-1.3348846754646726,2.6238545155714252,0.8909585483952122,2.169564576072732,3.0605231244679443,-9.31571699027559,11.939571505847015,2.6238545155714252,0.46616133782720875,-1.3372124147778095,2.637164682655131,0.00037548831342931743,0.0023277393131369006,0.013310167083705693
0.5,0.3456158580935322,-1.0671501120851898,2.6325636094053744,0.5694046808617166,1.1945032136572857,1.7639078945190023,-6.912317161870644,9.544880771276018,2.6325636094053744,0.3458642327311774,-1.0687792566038576,2.64216762820812,0.00024837463764521006,0.0016291445186678022,0.009604018802745529
0.6,0.2515591720199206,-0.818989840357508,2.2940843832859423,0.3353721793044082,0.6328201702734801,0.9681923495778884,-5.031183440398412,7.325267823684355,2.2940843832859423,0.251710040628736,-0.8200623350891014,2.3006596956110483,0.00015086860881535769,0.001072494731593432,0.0065753123251059975
0.7,0.18040383906087365,-0.6110785759985236,1.8575761608884078,0.18670851302219166,0.325455451479016,0.5121639645012077,-3.608076781217473,5.465652942105881,1.8575761608884078,0.18048675684274199,-0.6117461690957957,1.8618889394382818,8.291778186833576e-05,0.0006675930972721567,0.004312778549873997
0.7999999999999999,0.127860602767752,-0.44664323338998435,1.4376864708461956,0.09974508896653002,0.16348333740132867,0.2632284263678587,-2.55721205535504,3.9948985262012355,1.4376864708461956,0.1278995407730581,-0.4470342605589752,1.440405164063725,3.893800530610503e-05,0.0003910271689908651,0.0027186932175293776
0.8999999999999999,0.08975685951538334,-0.3213549805472651,1.0791491353395624,0.05163451176126656,0.08056293830064261,0.13219745006190917,-1.795137190307667,2.8742863256472293,1.0791491353395624,0.08976928890716296,-0.32156660038222723,1.0807933328494208,1.2429391779616994e-05,0.0002116198349621512,0.0016441975098584471
0.9999999999999999,0.0625098532795569,-0.22835697416051504,0.7922898038451605,0.026073453823873067,0.0390748175703173,0.06514827139419037,-1.2501970655911379,2.0424868694362983,0.7922898038451605,0.06250761251539136,-0.22845781986933897,0.7932366105691488,2.2407641655369792e-06,0.00010084570882393229,0.0009468067239883915
1.0999999999999999,0.04324358410225601,-0.1606492561072212,0.5720189467169593,0.012904091743901773,0.018700075660088886,0.03160416740399066,-0.8648716820451202,1.4368906287620795,0.5720189467169593,0.043234219429523595,-0.16068536235864814,0.5725291843020209,9.364672732416202e-06,3.610625142694279e-05,0.0005102375850616347
1.2,0.029744799096907193,-0.11208281599136137,0.4076032007269943,0.006281278820276686,0.00884753073315371,0.015128809553430397,-0.5948959819381439,1.0024991826651382,0.4076032007269943,0.029732832881730425,-0.11208370557196493,0.40785048168133364,1.1966215176767436e-05,8.895806035552623e-07,0.00024728095433934616
1.3,0.020358883113222183,-0.07765562044440524,0.28739532233000664,0.003015197693302765,0.0041448412161784335,0.007160038909481198,-0.40717766226444363,0.6945729845944503,0.28739532233000664,0.020346829302309844,-0.07763940350995993,0.28749134987702785,1.205381091233873e-05,1.6216934445312248e-05,9.602754702120464e-05
1.4000000000000001,0.013874693845682434,-0.05348467131776087,0.20088756636933758,0.001430305032984456,0.00192507129311418,0.003355376326098636,-0.2774938769136487,0.47838144328298626,0.20088756636933758,0.01386380062544197,-0.05346191077191165,0.2009018542632514,1.0893220240464421e-05,2.27605458492236e-05,1.428789391383356e-05
1.5000000000000002,0.00941983805197343,-0.03664918392726314,0.1394035052855438,0.0006715813412671816,0.000887333489254066,0.0015589148305212475,-0.18839676103946862,0.3278002663250124,0.1394035052855438,0.009410598498229053,-0.036625646832793464,0.13937777418752317,9.239553744377904e-06,2.3537094469679165e-05,2.5731098020620458e-05
1.6000000000000003,0.0063738248434798625,-0.025001426346392096,0.09614305851035049,0.0003125356596770344,0.00040625643135361095,0.0007187920910306454,-0.12747649686959725,0.22361955537994774,0.09614305851035049,0.00636631102428366,-0.02497995376418868,0.09610127828043738,7.5138191962028505e-06,2.1472582203415497e-05,4.178022991310759e-05
1.7000000000000004,0.004299814781297049,-0.016988908559289122,0.06595712198245302,0.0001443115070179436,0.0001848840715346059,0.0003291955785525495,-0.08599629562594097,0.15195341760839398,0.06595712198245302,0.004293886455633492,-0.016970638098469767,0.06591227252623484,5.928325663556548e-06,1.8270460819355683e-05,4.484945621817393e-05
1.8000000000000005,0.0028928426539376055,-0.011504316373817467,0.04504088070732685,6.617464761444233e-05,8.368538620440768e-05,0.00014986003381885002,-0.05785685307875211,0.10289773378607896,0.04504088070732685,0.0028882713068285296,-0.011489453164598078,0.04499936706479495,4.571347109075946e-06,1.4863209219388718e-05,4.151364253189571e-05
1.9000000000000006,0.001941505569681182,-0.00776629112396047,0.030633708151291787,3.0157638911053593e-05,3.769443877103052e-05,6.785207768208411e-05,-0.03883011139362364,0.06946381954491543,0.030633708151291787,0.001938043703485225,-0.007754576026979155,0.030598162462358032,3.4618661959571508e-06,1.1715096981315155e-05,3.5545688933755204e-05
2.0000000000000004,0.0013001363746444237,-0.005228315836921918,0.020760750983895983,1.3667643245304267e-05,1.6903545926735452e-05,3.0571189172039716e-05,-0.026002727492888473,0.046763478476784456,0.020760750983895983,0.0012975528494017395,-0.0052192975459451185,0.020731759442089676,2.583525242684211e-06,9.018290976799473e-06,2.8991541806307197e-05
2.1000000000000005,0.0008688811962250688,-0.0035109356369938728,0.014025139071277924,6.163334523556785e-06,7.549545331535065e-06,1.371287985509185e-05,-0.017377623924501377,0.0314027629957793,0.014025139071277924,0.0008669764570374878,-0.0035041199043490874,0.014002272088988726,1.9047391875809914e-06,6.8157326447854105e-06,2.2866982289197757e-05
2.2000000000000006,0.0005795983916187114,-0.0023523287039717003,0.009447899717644578,2.7667251657645894e-06,3.359342955669971e-06,6.1260681214345605e-06,-0.011591967832374227,0.021039867550018805,0.009447899717644578,0.0005782084458636911,-0.0023472532433027253,0.009430302332453164,1.3899457550202747e-06,5.075460668974973e-06,1.7597385191414627e-05
2.3000000000000007,0.00038597067078107654,-0.0015728051305544206,0.0063481833334989345,1.2368579893491541e-06,1.4897335870319417e-06,2.7265915763810956e-06,-0.007719413415621531,0.014067596749120465,0.0063481833334989345,0.0003849652788535257,-0.0015690713993167296,0.0063348956646211855,1.0053919275508465e-06,3.733731237690963e-06,1.3287668877749043e-05
2.400000000000001,0.00025662519128770206,-0.0010496151166499786,0.004255539178408853,5.508459465500741e-07,6.585648880344967e-07,1.2094108345845708e-06,-0.005132503825754042,0.009388043004162894,0.004255539178408853,0.000255903498435763,-0.0010468964212285736,0.004245656284358117,7.216928519390383e-07,2.7186954214050013e-06,9.882894050735475e-06
2.500000000000001,0.00017037785719194648,-0.0006992469773899066,0.0028466979541814288,2.4447316769446026e-07,2.902861422131931e-07,5.347593099076533e-07,-0.0034075571438389298,0.0062542550980203586,0.0028466979541814288,0.00016986327312900723,-0.0006972846188936939,0.0028394377674651914,5.145840629392504e-07,1.9623584962126343e-06,7.260186716237342e-06
2.600000000000001,0.0001129643522875668,-0.0004650885962945684,0.0019005918217471105,1.0815370120162602e-07,1.27609448877495e-07,2.35763150079121e-07,-0.0022592870457513363,0.004159878867498447,0.0019005918217471105,0.00011259961378821522,-0.0004636828444140274,0.0018953131646765914,3.6473849935158144e-07,1.4057518805410136e-06,5.278657070519142e-06
2.700000000000001,7.480400346370152e-05,-0.00030888574140852323,0.001266677991005488,4.7705200622746544e-08,5.5956389341974686e-08,1.0366158996472122e-07,-0.0014960800692740304,0.0027627580602795185,0.001266677991005488,7.45468416654279e-05,-0.00030788536619921834,0.0012628735990869154,2.5716179827361236e-07,1.0003752093048937e-06,3.804391918572729e-06
2.800000000000001,4.947662601297237e-05,-0.00020486316701643986,0.000842819349879162,2.0984458600002867e-08,2.4479365216275342e-08,4.546382381627821e-08,-0.0009895325202594473,0.0018323518701386092,0.000842819349879162,4.929617261281289e-05,-0.00020415542167027376,0.0008400981510632054,1.8045340015947995e-07,7.077453461660989e-07,2.7211988159565534e-06
2.9000000000000012,3.268889122634924e-05,-0.00013569867364782894,0.0005599480104054348,9.207065014889992e-09,1.0685636096080924e-08,1.9892701110970917e-08,-0.0006537778245269848,0.0012137258349324196,0.0005599480104054348,3.25628081986135e-05,-0.00013520055910764766,0.0005580143990704439,1.2608302773574033e-07,4.981145401812754e-07,1.933611334990846e-06
3.0000000000000013,2.15752147986884e-05,-8.977814206605158e-05,0.00037149581823953104,4.03005739641607e-09,4.654898936095429e-09,8.684956332511499e-09,-0.00043150429597376804,0.0008030001142132991,0.00037149581823953104,2.1487463798845164e-05,-8.94292003947006e-05,0.0003701298090471031,8.77509998432366e-08,3.489416713509802e-07,1.366009192427947e-06
3.1000000000000014,1.4226304166582846e-05,-5.933115551758237e-05,0.00024614790435204675,1.7600930075257725e-09,2.0238773024013246e-09,3.783970309927097e-09,-0.0002845260833316569,0.0005306739876837037,0.00024614790435204675,1.416544874104862e-05,-5.908774145513981e-05,0.0002451878513015275,6.085542553422633e-08,2.434140624425608e-07,9.600530505192635e-07
3.2000000000000015,9.372077167657624e-06,-3.916903256589615e-05,0.00016289693436783475,7.671065560741166e-10,8.783583043652936e-10,1.6454648604394103e-09,-0.00018744154335315248,0.00035033847772098723,0.00016289693436783475,9.330011554865423e-06,-3.899988062881262e-05,0.0001622253057043006,4.20656127922013e-08,1.6915193708353147e-07,6.716286635341474e-07
3.3000000000000016,6.16891897286018e-06,-2.5833221075589728e-05,0.00010768097415399185,3.336776555701466e-10,3.8055561293714296e-10,7.142332685072895e-10,-0.0001233783794572036,0.00023105935361119546,0.00010768097415399185,6.1399289270940874e-06,-2.5716084405518784e-05,0.00010721307284156735,2.899004576609244e-08,1.1713667007094361e-07,4.679013124244964e-07
3.4000000000000017,4.057256451666215e-06,-1.7022184431646642e-05,7.110591702547776e-05,1.4487738141249665e-10,1.6461329914587127e-10,3.094906805583679e-10,-8.11451290333243e-05,0.00015225104605880207,7.110591702547776e-05,4.0373330204110645e-06,-1.694132690995486e-05,7.078117399060082e-05,1.9923431255150452e-08,8.085752169178357e-08,3.247430348769456e-07
3.5000000000000018,2.6663986577716124e-06,-1.1206659404526707e-05,4.690743576140387e-05,6.279460750453344e-11,7.109681802166256e-11,1.3389142552619598e-10,-5.332797315543225e-05,0.00010023540891683612,4.690743576140387e-05,2.652741464300253e-06,-1.1151008670261287e-05,4.668282433157004e-05,1.3657193471359449e-08,5.565073426541985e-08,2.246114298338296e-07
3.600000000000002,1.751073858996529e-06,-7.371950039948973e-06,3.09152484843022e-05,2.7172823695751833e-11,3.066259659660996e-11,5.7835420292361795e-11,-3.502147717993058e-05,6.593672566423278e-05,3.09152484843022e-05,1.741734440774335e-06,-7.333751890082908e-06,3.076038220988509e-05,9.33941822219401e-09,3.819814986606479e-08,1.5486627441710723e-07
3.700000000000002,1.1491766177705642e-06,-4.84566471250727e-06,2.0357410417941645e-05,1.1740233253019083e-11,1.3206068988305934e-11,2.494630224132502e-11,-2.2983532355411286e-05,4.334094277335293e-05,2.0357410417941645e-05,1.1428041164914701e-06,-4.81951170864298e-06,2.025094086569806e-05,6.372501279094117e-09,2.6153003864290125e-08,1.0646955224358575e-07
3.800000000000002,7.53679985997689e-07,-3.1827826874661208e-06,1.3394074067181078e-05,5.0650528178170315e-12,5.680335212934767e-12,1.0745388030751798e-11,-1.507359971995378e-05,2.8467673787134858e-05,1.3394074067181078e-05,7.493409287087343e-07,-3.1649183872736622e-06,1.3321072054556972e-05,4.33905728895472e-09,1.7864300192458548e-08,7.300201262410581e-08
3.900000000000002,4.939908688398141e-07,-2.0891025127869777e-06,8.805683545432944e-06,2.182174654466432e-12,2.440269784971144e-12,4.622444439437576e-12,-9.87981737679628e-06,1.8685500922229225e-05,8.805683545432944e-06,4.910421483494948e-07,-2.076926507198451e-06,8.755752450477875e-06,2.9487204903192347e-09,1.2176005588526705e-08,4.993109495506911e-08
4.000000000000002,3.2359026814311714e-07,-1.3703354399369e-06,5.7848474198416105e-06,9.389096089735286e-13,1.0471066163693445e-12,1.986016225342873e-12,-6.471805362862343e-06,1.2256652782703954e-05,5.7848474198416105e-06,3.2159005333513556e-07,-1.3620533436554314e-06,5.750774394874995e-06,2.0002148079815786e-09,8.282096281468465e-09,3.407302496661515e-08
4.100000000000001,2.1185002879133987e-07,-8.983022946213836e-07,3.7976594046430316e-06,4.0347350626102154e-13,4.488043469889153e-13,8.522778532499368e-13,-4.237000575826798e-06,8.03465998046983e-06,3.7976594046430316e-06,2.1049555131988514e-07,-8.926795489477743e-07,3.774457587886595e-06,1.3544774714547367e-09,5.622745673609329e-09,2.3201816756436705e-08
4.200000000000001,1.386210807978274e-07,-5.88517927183217e-07,2.4914427486792303e-06,1.7317667530801517e-13,1.9215804041557794e-13,3.6533471572359314e-13,-2.772421615956548e-06,5.263864364635778e-06,2.4914427486792303e-06,1.377053618545022e-07,-5.847074430502595e-07,2.475675121351825e-06,9.157189433252037e-10,3.810484132957479e-09,1.5767627327405243e-08
4.300000000000001,9.065841000489896e-08,-3.853457875503606e-07,1.6334693031252152e-06,7.424568799140383e-14,8.218947304616362e-14,1.5643516103756747e-13,-1.8131682000979792e-06,3.4466375032231944e-06,1.6334693031252152e-06,9.004026930380367e-08,-3.8276779528941213e-07,1.6227738533833242e-06,6.181407010952892e-10,2.577992260948493e-09,1.069544974189103e-08
4.4,5.9261778990538083e-08,-2.521776484774517e-07,1.0703098777957515e-06,3.179678319580859e-14,3.511958449123381e-14,6.69163676870424e-14,-1.1852355798107616e-06,2.255545457606513e-06,1.0703098777957515e-06,5.884511745834709e-08,-2.504362630997809e-07,1.0630676841215875e-06,4.166615321909902e-10,1.7413853776707715e-09,7.242193674164076e-09
4.5,3.872024727885104e-08,-1.6494463032578468e-07,7.009046781510905e-07,1.3603365536654884e-14,1.4992575493353716e-14,2.85959410300086e-14,-7.744049455770209e-07,1.4753096237281114e-06,7.009046781510905e-07,3.8439779046392806e-08,-1.6377011550977178e-07,6.960088629235133e-07,2.804682324582366e-10,1.1745148160128996e-09,4.8958152275772225e-09
4.6,2.528755976827877e-08,-1.0783388541664901e-07,4.587443969126264e-07,5.814073422025495e-15,6.394606790342711e-15,1.2208680212368206e-14,-5.057511953655754e-07,9.644955922782018e-07,4.587443969126264e-07,2.5099013115084966e-08,-1.0704282852842504e-07,4.5543990207194933e-07,1.8854665319380504e-10,7.910568882239758e-10,3.3044948406770565e-09
4.699999999999999,1.6507795191908287e-08,-7.046395798151071e-08,3.000928962032216e-07,2.482584687210053e-15,2.7250730209799035e-15,5.2076577081899566e-15,-3.3015590383816573e-07,6.302488000413873e-07,3.000928962032216e-07,1.638120000507672e-08,-6.993188037323367e-08,2.97865753134201e-07,1.2659518683156762e-10,5.320776082770398e-10,2.2271430690205855e-09
4.799999999999999,1.0771894148442254e-08,-4.602376753105631e-08,1.962112081515132e-07,1.0590935888763565e-15,1.1603370354524448e-15,2.2194306243288014e-15,-2.154378829688451e-07,4.116490911203583e-07,1.962112081515132e-07,1.0686994672602941e-08,-4.566633819921691e-08,1.9471225253571858e-07,8.48994758393131e-11,3.5742933183940007e-10,1.4989556157946215e-09
4.899999999999999,7.026240306059462e-09,-3.0047529067762455e-08,1.282284640844817e-07,4.514270015390148e-16,4.936805283849456e-16,9.451075299239605e-16,-1.4052480612118925e-07,2.6875327020567095e-07,1.282284640844817e-07,6.9693672445856825e-09,-2.980771152731647e-08,1.272209320234212e-07,5.687306147377944e-11,2.398175404459826e-10,1.0075320610605152e-09
4.999999999999998,4.5812974518732865e-09,-1.9608954655468e-08,8.376187327188397e-08,1.922555513401001e-16,2.0988286342540666e-16,4.0213841476550676e-16,-9.162594903746573e-08,1.753878223093497e-07,8.376187327188397e-08,4.543239570813581e-09,-1.9448233589829214e-08,8.308549798033993e-08,3.805788105970588e-11,1.6072106563878767e-10,6.763752915440381e-10
5.099999999999998,2.9860345229572213e-09,-1.2791644110646667e-08,5.469125264241874e-08,8.181307952672077e-17,8.916402172292361e-17,1.7097710124964437e-16,-5.972069045914442e-08,1.1441194310156317e-07,5.469125264241874e-08,2.9605931783894253e-09,-1.2684049760149215e-08,5.423772640694569e-08,2.5441344567796022e-11,1.0759435049745213e-10,4.5352623547305473e-10
5.1999999999999975,1.9455747675869027e-09,-8.341252911484557e-09,3.569493875865198e-08,3.47882500666748e-17,3.7852611762708306e-17,7.264086182938311e-17,-3.8911495351738054e-08,7.460643411039003e-08,3.569493875865198e-08,1.9285840150611036e-09,-8.269299238611028e-09,3.5391180594063984e-08,1.6990752525799094e-11,7.195367287352904e-11,3.0375816458799394e-10
5.299999999999997,1.267224005439094e-09,-5.437203269380376e-09,2.3287344362492606e-08,1.4781589696280324e-17,1.6058566799611008e-17,3.084015649589133e-17,-2.534448010878188e-08,4.8631824471274486e-08,2.3287344362492606e-08,1.2558874630230361e-09,-5.38913219707526e-09,2.3084114469111582e-08,1.1336542416057854e-11,4.807107230511562e-11,2.0322989338102388e-10
5.399999999999997,8.251188719228177e-10,-3.5429515513317506e-09,1.518674460060817e-08,6.276252847542029e-18,6.808211528031832e-18,1.3084464375573861e-17,-1.6502377438456354e-08,3.1689122039064524e-08,1.518674460060817e-08,8.175616663090557e-10,-3.5108666192455068e-09,1.505091235609018e-08,7.557205613761998e-12,3.20849320862438e-11,1.3583224451798853e-10
5.4999999999999964,5.370841420880942e-10,-2.3078410670389136e-09,9.900275186896759e-09,2.6630651953556557e-18,2.8845937568250416e-18,5.547658952180697e-18,-1.0741682841761883e-08,2.0641958028658642e-08,9.900275186896759e-09,5.320506363535744e-10,-2.2864455502235575e-09,9.809577981535649e-09,5.033505734519771e-12,2.1395516815356138e-11,9.06972053611098e-11
5.599999999999996,3.494906616272486e-10,-1.5028062363563952e-09,6.4516943734690916e-09,1.129213292015837e-18,1.2214372256465198e-18,2.3506505176623565e-18,-6.989813232544972e-09,1.3441507606014064e-08,6.4516943734690916e-09,3.461408244038892e-10,-1.488551292763157e-09,6.391191026376656e-09,3.3498372233594155e-12,1.425494359323816e-11,6.050334709243552e-11
5.699999999999996,2.2735304381358877e-10,-9.782763877194367e-10,4.202909138622628e-09,4.7851234538469485e-19,5.168940653130361e-19,9.95406410697731e-19,-4.547060876271775e-09,8.749970014894404e-09,4.202909138622628e-09,2.2512545598284734e-10,-9.687868521038941e-10,4.1625839083924234e-09,2.2275878307414293e-12,9.489535615542557e-12,4.0325230230204834e-11
5.799999999999995,1.4785710811909395e-10,-6.366290662458372e-10,2.737041311929756e-09,2.0264828399452327e-19,2.186172442134144e-19,4.2126552820793765e-19,-2.957142162381879e-09,5.694183474311635e-09,2.737041311929756e-09,1.4637691862866836e-10,-6.303169373455546e-10,2.7101877045231773e-09,1.4801894904255917e-12,6.312128900282534e-12,2.685360740657859e-11
5.899999999999995,9.613110969296818e-11,-4.1417343045992613e-10,1.7818575860713438e-09,8.576981524947164e-20,9.24119025080148e-20,1.7818171775748643e-19,-1.9226221938593635e-09,3.7044797799307074e-09,1.7818575860713438e-09,9.514826766077985e-11,-4.099780435292601e-10,1.7639897452395766e-09,9.828420321883298e-13,4.195386930666033e-12,1.7867840831767283e-11
5.999999999999995,6.248415396793617e-11,-2.6937248195959207e-10,1.1596576443592112e-09,3.6280767018535376e-20,3.904269497088754e-20,7.532346198942292e-20,-1.2496830793587235e-09,2.4093407237179347e-09,1.1596576443592112e-09,6.183200634490773e-11,-2.6658606277452614e-10,1.147778105973312e-09,6.521476230284413e-13,2.7864191850659246e-12,1.1879538385899085e-11
6.099999999999994,4.060352273547532e-11,-1.7514734823728054e-10,7.544950522400426e-10,1.533829679727561e-20,1.6486460585302613e-20,3.182475738257822e-20,-8.120704547095065e-10,1.5665655069495491e-09,7.544950522400426e-10,4.017109344458271e-11,-1.7329803105332833e-10,7.466028423167925e-10,4.3242929089261423e-13,1.8493171839522103e-12,7.892209923250132e-12
6.199999999999994,2.6378429487555305e-11,-1.138510852760437e-10,4.907464742063304e-10,6.481034809266488e-21,6.958215422299272e-21,1.343925023156576e-20,-5.275685897511061e-10,1.0183150639574365e-09,4.907464742063304e-10,2.6091878521804564e-11,-1.1262455452482507e-10,4.855070689764702e-10,2.86550965750741e-13,1.2265307512186318e-12,5.239405229860269e-12
6.299999999999994,1.7132822327762063e-11,-7.398740387745739e-11,3.1910701163966374e-10,2.7370679662629983e-21,2.935336009146623e-21,5.672403975409621e-21,-3.426564465552412e-10,6.61763458194905e-10,3.1910701163966374e-10,1.6943057265008385e-11,-7.317446390762658e-11,3.1563115675806403e-10,1.8976506275367736e-13,8.129399698308094e-13,3.4758548815997085e-12
6.399999999999993,1.112517482911777e-11,-4.8069429433155204e-11,2.074425508263015e-10,1.1553350230145438e-21,1.2376951497843562e-21,2.3930301727989e-21,-2.225034965823554e-10,4.299460474086569e-10,2.074425508263015e-10,1.0999581160841068e-11,-4.753095903317798e-11,2.0513819851895325e-10,1.255936682767024e-13,5.384703999772215e-13,2.304352307348249e-12
6.499999999999993,7.222470775084418e-12,-3.1222962241329944e-11,1.3481724862040344e-10,4.874366855617577e-22,5.216408409694851e-22,1.0090775265312427e-21,-1.4444941550168836e-10,2.792666641220918e-10,1.3481724862040344e-10,7.139396733055483e-12,-3.086651251592018e-11,1.3329054619467267e-10,8.30740420289349e-14,3.564497254097622e-13,1.5267024257307742e-12
6.5999999999999925,4.687795736699659e-12,-2.0275727075550272e-11,8.759570140266052e-11,2.055525542211012e-22,2.19754288690195e-22,4.253068429112962e-22,-9.375591473399319e-11,1.813516161366537e-10,8.759570140266052e-11,4.632877372178636e-12,-2.0039909004599872e-11,8.658484774520915e-11,5.491836452102296e-14,2.358180709503994e-13,1.0108536574513706e-12
6.699999999999992,3.041993621833631e-12,-1.3163732784824883e-11,5.690013294137158e-11,8.664193041513673e-23,9.253725195276493e-23,1.7917918236790167e-22,-6.083987243667262e-11,1.177400053780442e-10,5.690013294137158e-11,3.0057081624398847e-12,-1.3007810924589881e-11,5.623123461459177e-11,3.628545939374641e-14,1.5592186023500204e-13,6.688983267798139e-13
6.799999999999992,1.9735917733374684e-12,-8.544465917298303e-12,3.695219102328705e-11,3.6503948905936164e-23,3.895064487785333e-23,7.54545937837895e-23,-3.9471835466749366e-11,7.642402649003642e-11,3.695219102328705e-11,1.9496300442035925e-12,-8.441428160881596e-12,3.650982789557728e-11,2.3961729133875922e-14,1.0303775641670724e-13,4.4236312770977294e-13
6.8999999999999915,1.2801719946329682e-12,-5.544940033330159e-12,2.3992011490085378e-11,1.5373179986613733e-23,1.6388403358425523e-23,3.1761583345039256e-23,-2.5603439892659363e-11,4.959545138274474e-11,2.3992011490085378e-11,1.2643565455011996e-12,-5.476886111280096e-12,2.3699627689363098e-11,1.5815449131768556e-14,6.805392205006284e-14,2.923838007222799e-13
6.999999999999991,8.302210517129143e-13,-3.5976387884451796e-12,1.5573838523555345e-11,6.47150242606265e-24,6.892669947072976e-24,1.3364172373135626e-23,-1.6604421034258285e-11,3.217825955781363e-11,1.5573838523555345e-11,8.19787558205773e-13,-3.552714124692822e-12,1.53806899856318e-11,1.0433493507141291e-14,4.4924663752357546e-14,1.9314853792354576e-13
7.099999999999991,5.383143250425449e-13,-2.3337246831850707e-12,1.0107181628633018e-11,2.723135448453629e-24,2.8978231254601068e-24,5.620958573913736e-24,-1.0766286500850898e-11,2.0873468129483916e-11,1.0107181628633018e-11,5.314346252489408e-13,-2.3040832915644237e-12,9.979654958059261e-12,6.879699793604094e-15,2.964139162064693e-14,1.275266705737566e-13
7.19999999999999,3.489772900858141e-13,-1.513545639838869e-12,6.558017949196218e-12,1.1454102019376257e-24,1.2178514899563844e-24,2.36326169189401e-24,-6.979545801716282e-12,1.35375637509125e-11,6.558017949196218e-12,3.4444302291477595e-13,-1.4939976884804978e-12,6.473861100384271e-12,4.534267171038148e-15,1.9547951358371203e-14,8.415684881194661e-14
7.29999999999999,2.261932262007165e-13,-9.814261803432867e-13,4.254278092567898e-12,4.8159867373160675e-25,5.116337557908851e-25,9.93232429522492e-25,-4.52386452401433e-12,8.778142616582228e-12,4.254278092567898e-12,2.232061336250335e-13,-9.685407381701811e-13,4.1987690456047315e-12,2.9870925756830105e-15,1.2885442173105525e-14,5.550904696316621e-14
7.39999999999999,1.465835735286851e-13,-6.362653201568929e-13,2.759258559812216e-12,2.0241677881717668e-25,2.1486744028439434e-25,4.17284219101571e-25,-2.9316714705737022e-12,5.690930030385918e-12,2.759258559812216e-12,1.4461659318251923e-13,-6.277754894526543e-13,2.7226628124469648e-12,1.9669803461658767e-15,8.489830704238511e-15,3.659574736525126e-14
7.499999999999989,9.497652937850859e-14,-4.124198406786196e-13,1.7892646085379343e-12,8.504506249268899e-26,9.020541132786706e-26,1.7525047382055605e-25,-1.899530587570172e-12,3.688795196108106e-12,1.7892646085379343e-12,9.36818367656448e-14,-4.0682862440520474e-13,1.765149102138175e-12,1.2946926128637916e-15,5.5912162734148606e-15,2.4115506399759407e-14
7.599999999999989,6.152823951177359e-14,-2.672782585400098e-13,1.1600446297774307e-12,3.571883374409016e-26,3.785724257418177e-26,7.357607631827193e-26,-1.2305647902354716e-12,2.3906094200129024e-12,1.1600446297774307e-12,6.067640753292664e-14,-2.63597589423779e-13,1.144160363968065e-12,8.518319788469432e-16,3.680669116230806e-15,1.588426580936562e-14
7.699999999999989,3.9853065608159137e-14,-1.7318589559956322e-13,7.519604290560375e-13,1.4996677217311405e-26,1.5882668383682365e-26,3.087934560099377e-26,-7.970613121631828e-13,1.5490217412192203e-12,7.519604290560375e-13,3.929283489692308e-14,-1.7076394151719393e-13,7.415024274145152e-13,5.602307112360542e-16,2.421954082369289e-15,1.045800164152235e-14
7.799999999999988,2.580951305047115e-14,-1.1219878430853265e-13,4.8734617381744e-13,6.2942836001563156e-27,6.661309639024407e-27,1.2955593239180722e-26,-5.16190261009423e-13,1.003536434826863e-12,4.8734617381744e-13,2.5441205640511258e-14,-1.106057363154834e-13,4.804636676011271e-13,3.683074099598907e-16,1.5930479930492421e-15,6.8825062163129886e-15
7.899999999999988,1.67120771614655e-14,-7.267623053239915e-14,3.15794424046251e-13,2.6409172421992136e-27,2.7929352305077674e-27,5.433852472706981e-27,-3.3424154322931e-13,6.50035967275561e-13,3.15794424046251e-13,1.6470035994702355e-14,-7.162881115348015e-14,3.112668436526598e-13,2.4204116676314364e-16,1.0474193789190082e-15,4.527580393591194e-15
7.999999999999988,1.0819700739581561e-14,-4.706814075337294e-14,2.04596234404649e-13,1.1077049369896633e-27,1.170659240941018e-27,2.278364177930681e-27,-2.1639401479163123e-13,4.2099024919628024e-13,2.04596234404649e-13,1.0660696855949022e-14,-4.637973277407672e-14,2.0161900392546136e-13,1.5900388363253931e-16,6.88407979296217e-16,2.977230479187647e-15
8.099999999999987,7.00383411790071e-15,-3.0478516840510035e-14,1.32531459676996e-13,4.644699943986269e-28,4.905369235107002e-28,9.550069179093271e-28,-1.400766823580142e-13,2.726081420350102e-13,1.32531459676996e-13,6.899417352914163e-15,-3.002623485397398e-14,1.305744619091539e-13,1.0441676498654757e-16,4.522819865360565e-16,1.9569977678420943e-15
8.199999999999987,4.533084072789361e-15,-1.973305910980102e-14,8.583616483835905e-14,1.9469681091545048e-28,2.054885121097658e-28,4.0018532302521626e-28,-9.066168145578722e-14,1.7649784629414627e-13,8.583616483835905e-14,4.464538269982623e-15,-1.9436018953894063e-14,8.455027297187346e-14,6.854580280673778e-17,2.970401559069563e-16,1.2858918664855897e-15
8.299999999999986,2.9335297373811698e-15,-1.2774102915166165e-14,5.55844551319357e-14,8.158885264362835e-29,8.605596720099634e-29,1.676448198446247e-28,-5.86705947476234e-14,1.142550498795591e-13,5.55844551319357e-14,2.888547236842307e-15,-1.2579088052226871e-14,5.47398391820927e-14,4.4982500538862736e-17,1.9501486293929406e-16,8.4461594984300075e-16
8.399999999999986,1.898136510756276e-15,-8.268055027616756e-15,3.598900211871435e-14,3.4180366969849357e-29,3.602922213466011e-29,7.020958910450947e-29,-3.796273021512552e-14,7.395173233383987e-14,3.598900211871435e-14,1.868626985560894e-15,-8.140066522818955e-15,3.5434428634356235e-14,2.9509525195382354e-17,1.2798850479780096e-16,5.545734843581142e-16
8.499999999999986,1.2280215713955339e-15,-5.3507511314876885e-15,2.3298141614850874e-14,1.431526883555839e-29,1.5080369798127564e-29,2.939563863368595e-29,-2.4560431427910678e-14,4.785857304276155e-14,2.3298141614850874e-14,1.208668922674324e-15,-5.266780233549866e-15,2.29341360455924e-14,1.9352648721209856e-17,8.397089793782243e-17,3.6400556925847487e-16
8.599999999999985,7.943785054759787e-16,-3.4623106487950386e-15,1.5080277770188853e-14,5.99379751437976e-30,6.310372099622495e-30,1.2304169614002255e-29,-1.5887570109519574e-14,3.0967847879708426e-14,1.5080277770188853e-14,7.816908407656788e-16,-3.4072368630401716e-15,1.4841436149490287e-14,1.2687664710299945e-17,5.507378575486695e-17,2.3884162069856577e-16
8.699999999999985,5.137989295868266e-16,-2.2400545106333857e-15,9.759678044588574e-15,2.5089221053044885e-30,2.639893400445688e-30,5.148815505750177e-30,-1.0275978591736532e-14,2.0035656636325106e-14,9.759678044588574e-15,5.054834088024508e-16,-2.2039448882105933e-15,9.60301417875923e-15,8.31552078437576e-18,3.6109622422792387e-17,1.5666386582934343e-16
8.799999999999985,3.3228012954252075e-16,-1.4490846641882746e-15,6.3154046662593336e-15,1.0499231819928223e-30,1.1041008448879437e-30,2.154024026880766e-30,-6.645602590850415e-15,1.2961007257109749e-14,6.3154046662593336e-15,3.2683175491755546e-16,-1.4254164062587955e-15,6.2126768242013844e-15,5.448374624965287e-18,2.3668257929479115e-17,1.0272784205794916e-16
8.899999999999984,2.148632864713064e-16,-9.372875508932997e-16,4.0860889836207196e-15,4.392539765297799e-31,4.616623187325068e-31,9.009162952622867e-31,-4.297265729426128e-15,8.383354713046847e-15,4.0860889836207196e-15,2.1129452627357417e-16,-9.217787475950459e-16,4.01874923387709e-15,3.568760197732229e-18,1.550880329825382e-17,6.733974974362974e-17
8.999999999999984,1.38920995669883e-16,-6.061737219708186e-16,2.643362680605572e-15,1.8372329060397763e-31,1.929904303791165e-31,3.7671372098309415e-31,-2.77841991339766e-15,5.421782594003232e-15,2.643362680605572e-15,1.3658407643130945e-16,-5.960144607574634e-16,2.599233870680087e-15,2.336919238573549e-18,1.015926121335513e-17,4.4128809925484994e-17
9.099999999999984,8.980954897436945e-17,-3.919834602330297e-16,1.7098156730591709e-15,7.682551654812958e-32,8.065755086979665e-32,1.5748306741792623e-31,-1.796190979487389e-15,3.50600665254656e-15,1.7098156730591709e-15,8.827969879674469e-17,-3.8533040862948475e-16,1.6809059740383043e-15,1.5298501776247651e-18,6.653051603544938e-18,2.89096990208666e-17
9.199999999999983,5.805333683172178e-17,-2.534462859089418e-16,1.1058257591145283e-15,3.211750992051853e-32,3.370189917297344e-32,6.581940909349197e-32,-1.1610667366344355e-15,2.266892495748964e-15,1.1058257591145283e-15,5.705210238292086e-17,-2.4909058998623045e-16,1.0868919194005417e-15,1.0012344488009118e-18,4.3556959227113446e-18,1.893383971398664e-17
9.299999999999983,3.7521739008796006e-17,-1.6385239979050946e-16,7.151056366562857e-16,1.3423804458554472e-32,1.407880898244204e-32,2.750261344099651e-32,-7.504347801759201e-16,1.4655404168322058e-15,7.151056366562857e-16,3.6866639795134046e-17,-1.6100154578863373e-16,7.027088075610392e-16,6.550992136619602e-19,2.850854001875725e-18,1.2396829095246497e-17
9.399999999999983,2.4248833376985093e-17,-1.0591792533932744e-16,4.623820568382327e-16,5.609303454093671e-33,5.8800592014478635e-33,1.1489362655541535e-32,-4.849766675397018e-16,9.473587243779346e-16,4.623820568382327e-16,2.3820318979514014e-17,-1.0405250835184261e-16,4.542675480260584e-16,4.2851439747107977e-19,1.8654169874848283e-18,8.114508812174294e-18
9.499999999999982,1.5669381358441693e-17,-6.846001202819242e-17,2.989373353731321e-16,2.3433866234501252e-33,2.4552951215628003e-33,4.7986817450129255e-33,-3.1338762716883386e-16,6.12324962541966e-16,2.989373353731321e-16,1.538915218353596e-17,-6.723972196431572e-17,2.936273127308634e-16,2.8022917490573373e-19,1.2202900638767005e-18,5.310022642268725e-18
9.599999999999982,1.0124344657608888e-17,-4.424420060940507e-17,1.9324526753889168e-16,9.787746437826401e-34,1.0250235474605365e-33,2.0037981912431764e-33,-2.0248689315217777e-16,3.9573216069106945e-16,1.9324526753889168e-16,9.941132905981514e-18,-4.3446134260945863e-17,1.8977138014859987e-16,1.8321175162737456e-19,7.980663484592075e-19,3.473887390291808e-18
9.699999999999982,6.5408922035232605e-18,-2.859095144574966e-17,1.2490739982590332e-16,4.087212522866073e-34,4.2783270818111375e-34,8.36553960467721e-34,-1.3081784407046522e-16,2.5572524389636854e-16,1.2490739982590332e-16,6.421138836744589e-18,-2.806914890486167e-17,1.2263532335244614e-16,1.197533667786713e-19,5.218025408879882e-19,2.2720764734571836e-18
9.799999999999981,4.225352684593111e-18,-1.847373473875609e-17,8.072705300476952e-17,1.7063943759896177e-34,1.7853605309198214e-34,3.4917549069094393e-34,-8.450705369186223e-17,1.6523410669663175e-16,8.072705300476952e-17,4.1470964651183475e-18,-1.8132646255015864e-17,7.924138925032289e-17,7.825621947476379e-20,3.4108848374022617e-19,1.4856637544466287e-18
9.89999999999998,2.729265060469081e-18,-1.1935361464583288e-17,5.21678170739771e-17,7.122642664512987e-35,7.448887770297298e-35,1.4571530434810283e-34,-5.4585301209381624e-17,1.0675311828335873e-16,5.21678170739771e-17,2.6781382210590937e-18,-1.17124543509372e-17,5.1196612027053166e-17,5.112683940998736e-20,2.229071136460879e-19,9.712050469239355e-19
9.99999999999998,1.762731208530672e-18,-7.710315254722955e-18,3.3708531979443103e-17,2.9724480663606757e-35,3.107221313528003e-35,6.079669379888679e-35,-3.5254624170613435e-17,6.896315615005654e-17,3.3708531979443103e-17,1.7293363095784232e-18,-7.564675795291754e-18,3.307379103251012e-17,3.3394898952248713e-20,1.456394594312011e-19,6.347409469329835e-19
10.09999999999998,1.138373884501851e-18,-4.980411913578872e-18,2.1778680688811646e-17,1.2402251414459182e-35,1.2958951009158338e-35,2.536120242361752e-35,-2.276747769003702e-17,4.4546158378848666e-17,2.1778680688811646e-17,1.1165659511197125e-18,-4.88527816130238e-18,2.136393720827497e-17,2.180793338213859e-20,9.513375227649202e-20,4.1474348053667615e-19
10.19999999999998,7.350942196202873e-19,-3.2167389314091643e-18,1.406950327359795e-17,5.173704676421686e-36,5.403635117191592e-36,1.0577339793613278e-35,-1.4701884392405748e-17,2.87713876660037e-17,1.406950327359795e-17,7.20856052028983e-19,-3.154610163097109e-18,1.379857002820768e-17,1.4238167591304356e-20,6.212876831205513e-20,2.709332453902699e-19
10.29999999999998,4.746364889786765e-19,-2.0774215008101368e-18,9.088292995350873e-18,2.1578400460141206e-36,2.2527979667000534e-36,4.410638012714174e-36,-9.49272977957353e-18,1.8581022774924403e-17,9.088292995350873e-18,4.653425277355112e-19,-2.0368561296160897e-18,8.911344510124574e-18,9.293961243165372e-21,4.056537119404711e-20,1.7694848522629887e-19
10.399999999999979,3.0643616960335186e-19,-1.3415056023517122e-18,5.8700674841538834e-18,8.998186405705151e-37,9.390312604117423e-37,1.8388499009822574e-36,-6.1287233920670376e-18,1.1998790876220921e-17,5.8700674841538834e-18,3.00370808264581e-19,-1.3150251903403407e-18,5.754526705610787e-18,6.065361338770854e-21,2.648041201137147e-20,1.1554077854309647e-19
10.499999999999979,1.9782466981008964e-19,-8.662040389282296e-19,3.791071057511789e-18,3.751547185277889e-37,3.913459998547099e-37,7.665007183824989e-37,-3.956493396201793e-18,7.747564453713582e-18,3.791071057511789e-18,1.938671471994535e-19,-8.489217001588261e-19,3.715643572530247e-18,3.957522610636149e-21,1.728233876940351e-20,7.542748498154211e-20
10.599999999999978,1.276977103330693e-19,-5.592532602641671e-19,2.4481590196948525e-18,1.563821045580501e-37,1.6306705224308475e-37,3.1944915680113487e-37,-2.553954206661386e-18,5.0021132263562384e-18,2.4481590196948525e-18,1.2511602790078624e-19,-5.479763365576461e-19,2.398928796401075e-18,2.581682432283058e-21,1.127692370652092e-20,4.923022329377769e-20
10.699999999999978,8.242305393355682e-20,-3.610423862716999e-19,1.580800195177895e-18,6.517580234238168e-38,6.793559819734016e-38,1.3311140053972184e-37,-1.6484610786711364e-18,3.2292612738490315e-18,1.580800195177895e-18,8.073923009513565e-20,-3.536855527783562e-19,1.5486751527852633e-18,1.6838238384211731e-21,7.35683349334374e-21,3.212504239263175e-20
10.799999999999978,5.3195868048980553e-20,-2.3306117019186236e-19,1.0206451168789968e-18,2.7158754525600116e-38,2.82980037748455e-38,5.545675830044561e-38,-1.0639173609796111e-18,2.084562477858608e-18,1.0206451168789968e-18,5.2097857311424643e-20,-2.2826267440987487e-19,9.996862805970348e-19,1.0980107375559104e-21,4.798495781987487e-21,2.095883628196199e-20
10.899999999999977,3.43298070127306e-20,-1.504334512109454e-19,6.589215517356757e-19,1.1315111621617943e-38,1.1785356495313274e-38,2.3100468116931218e-38,-6.86596140254612e-19,1.3455176919902878e-18,6.589215517356757e-19,3.3613936867908485e-20,-1.4730423975274694e-19,6.452504364861063e-19,7.15870144822117e-22,3.1292114581984502e-21,1.3671115249569444e-20
10.999999999999977,2.2152856146938578e-20,-9.709175700093213e-20,4.253579518971298e-19,4.713404638764026e-39,4.9074903546695436e-39,9.620894993433569e-39,-4.430571229387716e-19,8.684150748359014e-19,4.253579518971298e-19,2.1686216937389788e-20,-9.505151371159109e-20,4.1644224534568834e-19,4.666392095487904e-22,2.040243289341041e-21,8.915706551441484e-21
11.099999999999977,1.4293994764597368e-20,-6.265913682431904e-20,2.7456046211060333e-19,1.963083713784367e-39,2.0431828633033697e-39,4.0062665770877365e-39,-2.8587989529194736e-19,5.604403574025507e-19,2.7456046211060333e-19,1.398987191114885e-20,-6.1329148415196e-20,2.6874714121122995e-19,3.0412285344851855e-22,1.3299884091230436e-21,5.813320899373378e-21
11.199999999999976,9.222393363068273e-21,-4.0434418866011006e-20,1.7720856959903682e-19,8.174711145160134e-40,8.505253934316573e-40,1.6679965079476707e-39,-1.8444786726136546e-19,3.616564368604023e-19,1.7720856959903682e-19,9.024222759661375e-21,-3.956758841405397e-20,1.734188144050036e-19,1.9817060340689766e-22,8.668304519570362e-22,3.789755194033223e-21
11.299999999999976,5.949772888131153e-21,-2.6090558780312085e-20,1.1436559425230423e-19,3.4035862873446e-40,3.5399797420340525e-40,6.943566029378652e-40,-1.1899545776262306e-19,2.333610520149273e-19,1.1436559425230423e-19,5.820664872644584e-21,-2.5525696755259494e-20,1.118954750183325e-19,1.29108015486569e-22,5.648620250525906e-22,2.4701192339717312e-21
11.399999999999975,3.838171992834131e-21,-1.6833775936738713e-20,7.380242939350924e-20,1.4168800614416166e-40,1.473156424657632e-40,2.890036486099249e-40,-7.676343985668261e-20,1.5056586925019185e-19,7.380242939350924e-20,3.754072691016581e-21,-1.6465753768586636e-20,7.219272508900062e-20,8.409930181754946e-23,3.6802216815207654e-22,1.6097043045086133e-21
11.499999999999975,2.4758044181421193e-21,-1.0860411607518419e-20,4.762238610931342e-20,5.89742701423604e-41,6.129607516892038e-41,1.2027034531128077e-40,-4.951608836284238e-20,9.71384744721558e-20,4.762238610931342e-20,2.4210324737049066e-21,-1.0620677189846178e-20,4.657357518021185e-20,5.477194443721269e-23,2.397344176722404e-22,1.0488109291015735e-21
11.599999999999975,1.5968960218891103e-21,-7.00612994516247e-21,3.0726810828538415e-20,2.4542928404251137e-41,2.5500769047252657e-41,5.00436974515038e-41,-3.1937920437782206e-20,6.266473126632062e-20,3.0726810828538415e-20,1.5612302319899224e-21,-6.849990370770823e-21,3.004357181725176e-20,3.5665789899187953e-23,1.5613957439164646e-22,6.832390112866581e-22
11.699999999999974,1.0299256646047793e-21,-4.519369127386283e-21,1.9823953044902956e-20,1.0212348654786126e-41,1.0607468746115963e-41,2.081981740090209e-41,-2.0598513292095585e-20,4.042246633699854e-20,1.9823953044902956e-20,1.0067049942265129e-21,-4.417692030804712e-21,1.9378938853623467e-20,2.322067037826643e-23,1.0167709658157104e-22,4.450141912794887e-22
11.799999999999974,6.64208725854318e-22,-2.9150480247455103e-21,1.2788807646943441e-20,4.248752493286351e-42,4.4117323150101654e-42,8.660484808296516e-42,-1.3284174517086361e-20,2.6072982164029802e-20,1.2788807646943441e-20,6.490930300434552e-22,-2.8488473928151137e-21,1.249900511056146e-20,1.5115695810862812e-23,6.620063193039662e-23,2.8980253638198117e-22
11.899999999999974,4.283248129285462e-22,-1.880106375358069e-21,8.249686382354588e-21,1.7673999913310283e-42,1.834621453702741e-42,3.602021445033769e-42,-8.566496258570924e-21,1.6816182640925512e-20,8.249686382354588e-21,4.1848666728490805e-22,-1.837010940871279e-21,8.060992011097948e-21,9.838145643638158e-24,4.309543448678999e-23,1.8869437125663968e-22
11.999999999999973,2.761927952352179e-22,-1.2125187432655353e-21,5.321241431033051e-21,7.351008513851166e-43,7.628246013984302e-43,1.4979254527835466e-42,-5.523855904704359e-21,1.084509733573741e-20,5.321241431033051e-21,2.6979056535554754e-22,-1.184468814427144e-21,5.1983998380397604e-21,6.40222987967038e-24,2.804992883839139e-23,1.2284159299329058e-22
12.099999999999973,1.7808297107817612e-22,-7.819236319273585e-22,3.4320781552488724e-21,3.057022830832356e-43,3.1713544588030515e-43,6.228377289635408e-43,-3.561659421563523e-21,6.993737576812395e-21,3.4320781552488724e-21,1.7391731549311202e-22,-7.636693461742602e-22,3.3521199716516186e-21,4.165655585064104e-24,1.8254285753098302e-23,7.99581835972538e-23
12.199999999999973,1.1481637880270132e-22,-5.042089533110414e-22,2.2134544018159985e-21,1.2711333429950795e-43,1.31828008413654e-43,2.5894134271316193e-43,-2.2963275760540264e-21,4.509781977870025e-21,2.2134544018159985e-21,1.121063701853861e-22,-4.923312715895488e-22,2.161417359184846e-21,2.7100086173152118e-24,1.1877681721492609e-23,5.203704263115245e-23
12.299999999999972,7.402137742230767e-23,-3.2510794876269424e-22,1.4274263453894585e-21,5.284758917434331e-44,5.479164315495719e-44,1.076392323293005e-43,-1.4804275484461535e-21,2.907853893835612e-21,1.4274263453894585e-21,7.225861287359622e-23,-3.173805481665311e-22,1.3935656642741148e-21,1.7627645487114496e-24,7.727400596163163e-24,3.3860681115343733e-23
12.399999999999972,4.771806130327897e-23,-2.0961189084663135e-22,9.20464521235755e-22,2.1968572392150047e-44,2.27701337454349e-44,4.473870613758494e-44,-9.543612260655795e-22,1.8748257473013345e-21,9.20464521235755e-22,4.6571610700844793e-23,-2.0458532712768047e-22,8.984345806092056e-22,1.1464506024341783e-24,5.026563718950879e-24,2.2029940626549436e-23
12.499999999999972,3.0759634285410587e-23,-1.3513753643024534e-22,5.9351418537131965e-22,9.131076876217943e-45,9.461551013722064e-45,1.8592627889940007e-44,-6.151926857082118e-22,1.2087068710795314e-21,5.9351418537131965e-22,3.0014121937112347e-23,-1.3186830197436457e-22,5.791835104263488e-22,7.455123482982395e-25,3.2692344558807618e-24,1.4330674944970878e-23
12.599999999999971,1.9826804288362552e-23,-8.711807760923695e-23,3.8267168864617365e-22,3.794779723164516e-45,3.9310216828903166e-45,7.725801406054833e-45,-3.9653608576725106e-22,7.792077744134247e-22,3.8267168864617365e-22,1.9342081076927514e-23,-8.499209790744326e-23,3.7335081234689277e-22,4.847232114350373e-25,2.1259797017936907e-24,9.320876299280882e-24
12.69999999999997,1.2779029231075954e-23,-5.615820440736728e-23,2.467136655752871e-22,1.5768719611298228e-45,1.633035880886937e-45,3.20990784201676e-45,-2.5558058462151906e-22,5.022942501968062e-22,2.467136655752871e-22,1.2463911185830463e-23,-5.477587557987179e-23,2.4065210157804684e-22,3.1511804524549083e-25,1.382328827495493e-24,6.06156399724027e-24
12.79999999999997,8.236012676981312e-24,-3.6198553460860983e-23,1.590494513629555e-22,6.551676363294053e-46,6.783190481539688e-46,1.3334866844833742e-45,-1.6472025353962625e-22,3.2376970490258174e-22,1.590494513629555e-22,8.031182383248125e-24,-3.5299876040840683e-23,1.5510804203358118e-22,2.0483029373318717e-25,8.986774200202998e-25,3.941409329374313e-24
12.89999999999997,5.3077510633239746e-24,-2.333150267120746e-23,1.0252828269367174e-22,2.7217950844828042e-46,2.817222135021678e-46,5.539017219504482e-46,-1.061550212664795e-22,2.0868330396015123e-22,1.0252828269367174e-22,5.174626710123827e-24,-2.2747335036536963e-23,9.996581559216072e-23,1.3312435320014765e-25,5.841676346704976e-25,2.5624671015110242e-24
12.99999999999997,3.420415540772774e-24,-1.5037239141827505e-23,6.608884484473213e-23,1.130592805042546e-46,1.1699242471559908e-46,2.3005170521985365e-46,-6.840831081545548e-23,1.344971556601876e-22,6.608884484473213e-23,3.3339059671906794e-24,-1.4657562998392686e-23,6.442310965175317e-23,8.650957358209463e-26,3.7967614343481918e-25,1.6657351929789638e-24
13.09999999999997,2.2040546631077715e-24,-9.690982376845698e-24,4.259768819136243e-23,4.695756971416695e-47,4.857856957967113e-47,9.553613929383807e-47,-4.408109326215543e-23,8.667878145351786e-23,4.259768819136243e-23,2.1478444701598092e-24,-9.444246547343154e-24,4.151501970131174e-23,5.621019294796229e-26,2.4673582950254314e-25,1.082668490050692e-24
13.199999999999969,1.420173446909396e-24,-6.2451402116634386e-24,2.7454763230999577e-23,1.950088813166783e-47,2.0168926193065148e-47,3.9669814324732977e-47,-2.840346893818792e-23,5.58582321691875e-23,2.7454763230999577e-23,1.3836551000127694e-24,-6.084817468373811e-24,2.6751159959592687e-23,3.651834689662658e-26,1.6032274328962765e-25,7.0360327140689e-25
13.299999999999969,9.150320694701278e-25,-4.02431212366677e-24,1.76939004953792e-23,8.097544034345676e-48,8.372836881587849e-48,1.6470380915933523e-47,-1.8300641389402557e-23,3.599454188478176e-23,1.76939004953792e-23,8.913099692493693e-25,-3.920151649474538e-24,1.7236702896344597e-23,2.3722100220758554e-26,1.041604741922319e-25,4.571975990346034e-25
13.399999999999968,5.895321537628256e-25,-2.593083897898212e-24,1.1402604392985595e-23,3.362042050769493e-48,3.475481603202358e-48,6.837523653971851e-48,-1.1790643075256513e-23,2.3193247468242108e-23,1.1402604392985595e-23,5.741243052637971e-25,-2.52542007537152e-24,1.1105557735817504e-23,1.5407848499028527e-26,6.766382252669217e-26,2.9704665716809083e-25
13.499999999999968,3.7980028037798367e-25,-1.670772400178531e-24,7.347837039359034e-24,1.3957402065991646e-48,1.44248252975195e-48,2.8382227363511146e-48,-7.596005607559674e-24,1.4943842646918708e-23,7.347837039359034e-24,3.697938650879848e-25,-1.626822618062522e-24,7.154866543528213e-24,1.0006415289998879e-26,4.3949782116008783e-26,1.9297049583082142e-25
13.599999999999968,2.4466959719171894e-25,-1.076450803543704e-24,4.734676740797597e-24,5.793731662249431e-49,5.9863211789958e-49,1.1780052841245231e-48,-4.893391943834379e-24,9.628068684631976e-24,4.734676740797597e-24,2.3817183949507723e-25,-1.0479074911077924e-24,4.609332747091577e-24,6.497757696641704e-27,2.8543312435911653e-26,1.2534399370602015e-25
13.699999999999967,1.5760936065202187e-25,-6.935018102068047e-25,3.050681547525854e-24,2.4047238038005746e-49,2.4840710565139103e-49,4.888794860314485e-49,-3.1521872130404373e-24,6.202868760566291e-24,3.050681547525854e-24,1.5339047500956217e-25,-6.749664822631629e-25,2.9692742473061097e-24,4.218885642459707e-27,1.853532794364182e-26,8.140730021974423e-26
13.799999999999967,1.0152233718117959e-25,-4.467636930138899e-25,1.9655292062080314e-24,9.979889869770463e-50,1.030678494672912e-49,2.0286674816499584e-49,-2.030446743623592e-24,3.995975949831623e-24,1.9655292062080314e-24,9.878340035509361e-26,-4.347287170425354e-25,1.91266384521165e-24,2.7389368260859826e-27,1.2034975971354486e-26,5.286536099638133e-26
13.899999999999967,6.539117258204819e-26,-2.877963886787289e-25,1.2663057034173913e-24,4.1413380668259e-50,4.276005451655211e-50,8.417343518481112e-50,-1.3078234516409639e-24,2.574129155058355e-24,1.2663057034173913e-24,6.361323279398254e-26,-2.799829896393733e-25,1.2319793336293813e-24,1.7779397880656487e-27,7.813399039355625e-27,3.4326369788010006e-26
13.999999999999966,4.2116752101032853e-26,-1.85383180759908e-25,8.157825342364846e-25,1.718346185433036e-50,1.7738208075398552e-50,3.492166992972891e-50,-8.423350420206571e-25,1.6581175762571418e-24,8.157825342364846e-25,4.096275799939234e-26,-1.803111093113254e-25,7.934964300862289e-25,1.1539941016405111e-27,5.07207144858259e-27,2.2286104150255708e-26
14.099999999999966,2.7124963000021975e-26,-1.194079274307646e-25,5.255177111497665e-25,7.129126566655373e-51,7.35763617752561e-51,1.4486762744180982e-50,-5.424992600004395e-25,1.068016971150206e-24,5.255177111497665e-25,2.637603105834831e-26,-1.1611575904143338e-25,5.110503007355572e-25,7.489319416736628e-28,3.292168389331222e-27,1.4467410414209317e-26
14.199999999999966,1.7468767700647833e-26,-7.690846545512089e-26,3.3851487319842176e-25,2.957456029330761e-51,3.0515784497919696e-51,6.009034479122731e-51,-3.4937535401295666e-25,6.878902272113784e-25,3.3851487319842176e-25,1.6982770190165918e-26,-7.477182837277081e-26,3.2912416037053368e-25,4.859975104819153e-28,2.1366370823500785e-27,9.390712827888088e-27
14.299999999999965,1.1249533426765985e-26,-4.953288149045017e-26,2.1804489200103106e-25,1.2267531743734906e-51,1.2655200231992524e-51,2.492273197572743e-51,-2.249906685353197e-25,4.430355605363508e-25,2.1804489200103106e-25,1.0934193219137798e-26,-4.8146342035207e-26,2.1195011025195775e-25,3.1534020762818677e-28,1.3865394552431744e-27,6.09478174907331e-27
14.399999999999965,7.244128801875915e-27,-3.1900082162619366e-26,1.4044043277626334e-25,5.0880762099093315e-52,5.247740209816818e-52,1.033581641972615e-51,-1.448825760375183e-25,2.8532300881378165e-25,1.4044043277626334e-25,7.039541375415872e-27,-3.100040407201707e-26,1.3648521583164838e-25,2.0458742646004314e-28,8.996780906022982e-28,3.9552169446149654e-27
14.499999999999964,4.664633311178801e-27,-2.0543245952063737e-26,9.045171148567159e-26,2.1101247712349156e-52,2.1758803927758907e-52,4.286005164010806e-52,-9.329266622357602e-26,1.8374437770924761e-25,9.045171148567159e-26,4.531914197654015e-27,-1.9959537241600506e-26,8.78852443335492e-26,1.3271911352478636e-28,5.837087104632306e-28,2.5664671521223893e-27
14.599999999999964,3.0035082059278717e-27,-1.3228959084342637e-26,5.825324301805661e-26,8.750267922760578e-53,9.021061543076063e-53,1.777132946583664e-52,-6.007016411855743e-26,1.1832340713661405e-25,5.825324301805661e-26,2.9174200130745628e-27,-1.2850289883497343e-26,5.65880865788204e-26,8.608819285330896e-29,3.786692008452937e-28,1.665156439236216e-27
14.699999999999964,1.9338392621593698e-27,-8.518476039118398e-27,3.7514780709500195e-26,3.6282217014517136e-53,3.739734291869096e-53,7.36795599332081e-53,-3.8676785243187394e-26,7.619156595268759e-26,3.7514780709500195e-26,1.8780038243135925e-27,-8.272847277496294e-27,3.643451903355128e-26,5.583543784577725e-29,2.456287616221037e-28,1.080261675948916e-27
14.799999999999963,1.2450661467217832e-27,-5.485017793242002e-27,2.4158167639504348e-26,1.504271009609068e-53,1.550189709712629e-53,3.054460719321697e-53,-2.4901322934435665e-26,4.905949057394001e-26,2.4158167639504348e-26,1.2088557658423698e-27,-5.325703583210106e-27,2.3457425643440627e-26,3.6210380879413424e-29,1.5931421003189564e-28,7.007419960637207e-28
14.899999999999963,8.015769792321143e-28,-3.5316230909637716e-27,1.555625762456938e-26,6.236180828314252e-54,6.425256536348814e-54,1.2661437364663067e-53,-1.6031539584642286e-26,3.1587797209211666e-26,1.555625762456938e-26,7.780961356621102e-28,-3.428302593026352e-27,1.510174786854068e-26,2.3480843570004118e-29,1.0332049793741927e-28,4.545097560287005e-28
14.999999999999963,5.160348835178136e-28,-2.273793875237404e-27,1.0016733017057773e-26,2.585069293533566e-54,2.662920010072435e-54,5.247989303606001e-54,-1.0320697670356273e-26,2.0337430687414046e-26,1.0016733017057773e-26,5.008100580133972e-28,-2.2067937284725726e-27,9.721961996471599e-27,1.5224825504416463e-29,6.700014676483154e-29,2.9477102058617457e-28
15.099999999999962,3.3219580740139486e-28,-1.463890304817062e-27,6.449516784667457e-27,1.0714874122686952e-54,1.1035405445506462e-54,2.1750279568193415e-54,-6.643916148027896e-27,1.3093432932695353e-26,6.449516784667457e-27,3.223250709352028e-28,-1.420446995611725e-27,6.258362743788594e-27,9.870736466192073e-30,4.3443309205336985e-29,1.911540408788627e-28
15.199999999999962,2.138408830091635e-28,-9.424252839593756e-28,4.152490334407553e-27,4.4408270792295484e-55,4.572792324613876e-55,9.013619403843425e-55,-4.27681766018327e-27,8.429307994590824e-27,4.152490334407553e-27,2.074419736004544e-28,-9.142590677635805e-28,4.0285422262507234e-27,6.398909408709105e-30,2.8166216195795053e-29,1.2394810815682978e-28
15.299999999999962,1.3764773704008355e-28,-6.0668956605613285e-28,2.6734417029637774e-27,1.840361147806894e-55,1.894689951225599e-55,3.735051099032493e-55,-2.7529547408016708e-27,5.426396443765448e-27,2.6734417029637774e-27,1.3349989610794164e-28,-5.884298865088108e-28,2.5930789827459173e-27,4.147840932141911e-30,1.825967954732205e-29,8.036272021786012e-29
15.399999999999961,8.859911663709688e-29,-3.9054184166211088e-28,1.7211300913158205e-27,7.626146504441664e-56,7.849803468873898e-56,1.5475949973315562e-55,-1.7719823327419375e-27,3.493112424057758e-27,1.7211300913158205e-27,8.591068811248103e-29,-3.7870550288947677e-28,1.669031229406832e-27,2.688428524615853e-30,1.1836338772634111e-29,5.209886190898844e-29
15.499999999999961,5.702586963229435e-29,-2.5139133322396184e-28,1.1079950475264333e-27,3.159880121006051e-56,3.251949807319431e-56,6.411829928325482e-56,-1.1405173926458871e-27,2.2485124401723203e-27,1.1079950475264333e-27,5.528351842911245e-29,-2.4371945392815128e-28,1.0742226971076485e-27,1.7423512031818973e-30,7.671879295810567e-30,3.3772350418784764e-29
15.59999999999996,3.6702603886809305e-29,-1.6181357587149171e-28,7.132525435877149e-28,1.3091816668159502e-56,1.3470811320720295e-56,2.65626279888798e-56,-7.340520777361861e-28,1.447304621323901e-27,7.132525435877149e-28,3.557349914827224e-29,-1.568413962293733e-28,6.913621116539869e-28,1.129104738537065e-30,4.972179642118417e-30,2.1890431933728084e-29
15.69999999999996,2.3621337906232443e-29,-1.0415059691487585e-28,4.591245002707202e-28,5.423673418862474e-57,5.579676044804138e-57,1.100334946366661e-56,-4.724267581246489e-28,9.315512583953691e-28,4.591245002707202e-28,2.2889702696177633e-29,-1.0092839270109782e-28,4.449369338342408e-28,7.316352100548101e-31,3.222204213778028e-30,1.418756643647939e-29
15.79999999999996,1.5201798830855478e-29,-6.703335432033221e-29,2.9552857146325863e-28,2.2467352957176004e-57,2.31094687693799e-57,4.557682172655591e-57,-3.0403597661710957e-28,5.995645480803682e-28,2.9552857146325863e-28,1.4727756303746234e-29,-6.494539983875048e-29,2.863341893864751e-28,4.7404252710924474e-31,2.0879544815817295e-30,9.194382076783515e-30
15.89999999999996,9.782921217675275e-30,-4.314224523443529e-29,1.9021754783114917e-28,9.306266619340773e-58,9.570554755124109e-58,1.887682137446488e-57,-1.956584243535055e-28,3.8587597218465467e-28,1.9021754783114917e-28,9.475804934930652e-30,-4.17893903572415e-29,1.8425957160965183e-28,3.0711628274462274e-31,1.3528548771937946e-30,5.957976221497343e-30
15.99999999999996,6.2954303951354974e-30,-2.7764979391593216e-29,1.2242891735122278e-28,3.85447040307798e-58,3.963244385999588e-58,7.817714789077568e-58,-1.2590860790270996e-28,2.4833752525393274e-28,1.2242891735122278e-28,6.096476844703522e-30,-2.6888495152436496e-29,1.1856847500001586e-28,1.989535504319756e-31,8.764842391567205e-31,3.8604423512069204e-30
16.09999999999996,4.05103315519822e-30,-1.786796128427464e-29,7.879524109992576e-29,1.596320202281687e-58,1.6410869624515245e-58,3.2374071647332116e-58,-8.10206631039644e-29,1.5981590420389016e-28,7.879524109992576e-29,3.922159445143352e-30,-1.730015498047778e-29,7.629410132765243e-29,1.2887371005486785e-31,5.678063037968602e-31,2.5011397722733327e-30
16.19999999999996,2.6066929112073445e-30,-1.1498359827440602e-29,5.071059859149287e-29,6.610613936064993e-59,6.7948479333386205e-59,1.3405461869403614e-58,-5.213385822414689e-29,1.0284445681563976e-28,5.071059859149287e-29,2.5232208343931712e-30,-1.1130552833408223e-29,4.9090274362751294e-29,8.34720768141733e-32,3.6780699403237922e-31,1.62032422874158e-30
16.29999999999996,1.677250168671932e-30,-7.399122866239774e-30,3.263476343770224e-29,2.7373509594856142e-59,2.8131681283100244e-59,5.550519087795638e-59,-3.354500337343864e-29,6.617976681114088e-29,3.263476343770224e-29,1.623189325871956e-30,-7.160888781011736e-30,3.158514985719228e-29,5.40608427999761e-32,2.3823408522803783e-31,1.0496135805099644e-30
16.399999999999963,1.0791701194315441e-30,-4.761110232351911e-30,2.1001262123003888e-29,1.1334085322303036e-59,1.164608146673893e-59,2.2980166789041967e-59,-2.158340238863088e-29,4.258466451163477e-29,2.1001262123003888e-29,1.0441603253330195e-30,-4.606815033855435e-30,2.0321399795214603e-29,3.5009794098524624e-32,1.5429519849647638e-31,6.79862327789285e-31
16.499999999999964,6.943305345937747e-31,-3.0635155336834323e-30,1.351430524189531e-29,4.692563712559842e-60,4.82094891269277e-60,9.513512625252612e-60,-1.3886610691875494e-29,2.7400915933770804e-29,1.351430524189531e-29,6.716599932458811e-31,-2.9635924168348574e-30,1.307397654166491e-29,2.2670541347893633e-32,9.992311684857486e-32,4.403287002303995e-31
16.599999999999966,4.467114557368059e-31,-1.971133253068323e-30,8.696122671548147e-30,1.942683150675855e-60,1.9955112468649633e-60,3.938194397540818e-60,-8.934229114736119e-30,1.7630351786284265e-29,8.696122671548147e-30,4.320323281855071e-31,-1.9064271834419718e-30,8.410956541608702e-30,1.4679127551298836e-32,6.470606962635124e-32,2.8516612993944442e-31
16.699999999999967,2.873906083607996e-31,-1.2682244498881477e-30,5.5955321554927025e-30,8.041966276470473e-61,8.25933617739905e-61,1.6301302453869524e-60,-5.7478121672159924e-30,1.1343344322708695e-29,5.5955321554927025e-30,2.778866387547046e-31,-1.2263267686054836e-30,5.410867293823974e-30,9.50396960609502e-33,4.1897681282664087e-32,1.846648616687285e-31
16.79999999999997,1.848855164810779e-31,-8.159446255340543e-31,3.600320264657467e-30,3.3288281596895405e-61,3.418265420447493e-61,6.747093580137033e-61,-3.697710329621558e-30,7.298030594279025e-30,3.600320264657467e-30,1.787326613705028e-31,-7.888176547133201e-31,3.4807463637537084e-30,6.152855110575093e-33,2.712697082073426e-32,1.1957390090375891e-31
16.89999999999997,1.1893734095101836e-31,-5.249402370074994e-31,2.3164613972741108e-30,1.3778112621474482e-61,1.414609107249879e-61,2.792420369397327e-61,-2.378746819020367e-30,4.695208216294478e-30,2.3164613972741108e-30,1.1495429240986417e-31,-5.073780187048883e-31,2.239041112255877e-30,3.9830485411541894e-33,1.7562218302611137e-32,7.742028501823381e-32
16.99999999999997,7.65100962569186e-32,-3.377099322747619e-31,1.4903675358344992e-30,5.702399917851213e-62,5.85379482924295e-62,1.1556194747094163e-61,-1.530201925138372e-30,3.0205694609728713e-30,1.4903675358344992e-30,7.393186321313219e-32,-3.263408709236662e-31,1.4402442206245651e-30,2.578233043786413e-33,1.136906135109568e-32,5.012331520993411e-32
17.099999999999973,4.9215809497351804e-32,-2.1725149649344566e-31,9.588402675445708e-31,2.3599106364320816e-62,2.422195904479624e-62,4.782106540911706e-62,-9.84316189947036e-31,1.943156457491607e-30,9.588402675445708e-31,4.7547038308517974e-32,-2.098921810656141e-31,9.263919730632703e-31,1.66877118883383e-33,7.359315427831539e-33,3.2448294481300556e-32
17.199999999999974,3.1657458524274257e-32,-1.3975484315777383e-31,6.168561474569294e-31,9.765708093026982e-63,1.0021946802161447e-62,1.9787654895188427e-62,-6.331491704854852e-31,1.2500053179424146e-30,6.168561474569294e-31,3.057741849396203e-32,-1.3499143070767072e-31,5.958516918899767e-31,1.0800400303122285e-33,4.763412450103105e-33,2.100445556695272e-32
17.299999999999976,2.0362596497974915e-32,-8.989929321216817e-32,3.968317930468756e-31,4.040941460023693e-63,4.146353361393403e-63,8.187294821417096e-63,-4.072519299594983e-31,8.040837230063739e-31,3.968317930468756e-31,1.9663637458884787e-32,-8.68163373582637e-32,3.8323617838483283e-31,6.9895903909012756e-34,3.082955853904468e-33,1.3595614662042735e-32
17.399999999999977,1.3097129514120262e-32,-5.782706847406492e-32,2.552784339077715e-31,1.6719849241520962e-63,1.7153480150964006e-63,3.387332939248497e-63,-2.6194259028240526e-31,5.172210241901768e-31,2.552784339077715e-31,1.2644823061065163e-32,-5.58318743709135e-32,2.4647900439706033e-31,4.5230645305509875e-34,1.9951941031514127e-33,8.79942951071117e-33
17.49999999999998,8.423742966688962e-33,-3.7195613884154755e-32,1.6421282510544088e-31,6.91756846109563e-64,7.095944556884176e-64,1.4013513017979807e-63,-1.6847485933377924e-31,3.326876844392201e-31,1.6421282510544088e-31,8.131069473333552e-33,-3.5904477558480873e-32,1.5851802060284463e-31,2.926734933554108e-34,1.2911363256738817e-33,5.6948045025962435e-33
17.59999999999998,5.417766289512265e-33,-2.392423743358711e-32,1.0562955905513825e-31,2.8618456838932536e-64,2.9352191567775496e-64,5.7970648406708035e-64,-1.083553257902453e-31,2.1398488484538355e-31,1.0562955905513825e-31,5.228399460901873e-33,-2.3088771945814283e-32,1.0194426513328588e-31,1.8936682861039174e-34,8.35465487772827e-34,3.6852939218523705e-33
17.69999999999998,3.4843498659141266e-33,-1.5387584695745965e-32,6.794374423861107e-32,1.1838888138437773e-64,1.2140693988095791e-64,2.3979582126533564e-64,-6.968699731828253e-32,1.376307415568936e-31,6.794374423861107e-32,3.3618333383323884e-33,-1.4847011191775866e-32,6.555903838339625e-32,1.2251652758173813e-34,5.405735039700997e-34,2.3847058552148128e-33
17.799999999999983,2.240834220272721e-33,-9.896666744078544e-33,4.370179395623013e-32,4.89720063216751e-65,5.0213380027452535e-65,9.918538634912764e-65,-4.4816684405454424e-32,8.851847836168456e-32,4.370179395623013e-32,2.1615738572794027e-33,-9.546922017054307e-33,4.21587892785033e-32,7.926036299331837e-35,3.4974472702423696e-34,1.5430046777268326e-33
17.899999999999984,1.4410675254019829e-33,-6.364931423816878e-33,2.81083268350766e-32,2.025617601494577e-65,2.0766756127681946e-65,4.102293214262772e-65,-2.8821350508039656e-32,5.692967734311626e-32,2.81083268350766e-32,1.3897945667895213e-33,-6.1386660368418804e-33,2.7110006862400264e-32,5.12729586124616e-35,2.2626538697499736e-34,9.983199726763365e-34
17.999999999999986,9.26713977513902e-34,-4.093407274032999e-33,1.8078268147041546e-32,8.377991555553134e-66,8.587987961196367e-66,1.6965979516749502e-65,-1.8534279550278038e-32,3.6612547697319584e-32,1.8078268147041546e-32,8.935480629932191e-34,-3.9470359714664495e-33,1.7432401707479228e-32,3.316591452068285e-35,1.4637130256654944e-34,6.458664395623177e-34
18.099999999999987,5.959283121597342e-34,-2.632466060582613e-33,1.1626925996500527e-32,3.464938780059671e-66,3.5513055323354965e-66,7.016244312395168e-66,-1.1918566243194685e-32,2.3545492239695211e-32,1.1626925996500527e-32,5.744763421497363e-34,-2.5377845985351032e-33,1.1209108655311291e-32,2.1451970009997913e-35,9.468146204750993e-35,4.178173411892354e-34
18.19999999999999,3.8320343216671166e-34,-1.692884574621081e-33,7.477551304319976e-33,1.4329290914949992e-66,1.4684487042434758e-66,2.901377795738475e-66,-7.664068643334233e-33,1.514161994765421e-32,7.477551304319976e-33,3.693290289156469e-34,-1.631643118841223e-33,7.207279136682035e-33,1.3874403251064778e-35,6.124145577985796e-35,2.7027216763794165e-34
18.29999999999999,2.464063906242481e-34,-1.0886262530846857e-33,4.808841403468028e-33,5.92553559452601e-67,6.071610934046954e-67,1.1997146528572965e-66,-4.9281278124849614e-33,9.73696921595299e-33,4.808841403468028e-33,2.3743347282759117e-34,-1.0490168851529749e-33,4.634022802436744e-33,8.972917796656921e-36,3.9609367931710804e-35,1.748186010312837e-34
18.39999999999999,1.5843892524549288e-34,-7.000310291200006e-34,3.092489364975967e-33,2.450217208654036e-67,2.510289303294688e-67,4.9605065119487234e-67,-3.168778504909858e-33,6.261267869885825e-33,3.092489364975967e-33,1.5263628532685024e-34,-6.744143697791467e-34,2.9794197967784023e-33,5.8026399186426395e-36,2.561665934085394e-35,1.130695681975647e-34
18.499999999999993,1.0187304498100522e-34,-4.501351735701463e-34,1.988670489045951e-33,1.0131083724251286e-67,1.0378117293701913e-67,2.05092010179532e-67,-2.0374608996201044e-33,4.0261313886660555e-33,1.988670489045951e-33,9.812080664694727e-35,-4.335691009466172e-34,1.915543797701473e-33,3.752238334057947e-36,1.6566072623529065e-35,7.312669134447823e-35
18.599999999999994,6.550045238875715e-35,-2.8943824741177277e-34,1.278805338229363e-33,4.188724953239929e-68,4.2903092631318414e-68,8.479034216371771e-68,-1.310009047775143e-33,2.588814386004506e-33,1.278805338229363e-33,6.3074242467677e-35,-2.7872578221856236e-34,1.2315143351364906e-33,2.4262099210801427e-36,1.0712465193210404e-35,4.729100309287236e-35
18.699999999999996,4.2113084854975913e-35,-1.86104269284578e-34,8.223054909934519e-34,1.7317399522973359e-68,1.7735119160024017e-68,3.5052518682997376e-68,-8.422616970995183e-34,1.6645671880929702e-33,8.223054909934519e-34,4.054438523136337e-35,-1.791774734971422e-34,7.917243384778402e-34,1.5686996236125422e-36,6.926795787435797e-36,3.058115251561166e-35
18.799999999999997,2.7075574735419447e-35,-1.1965871446746994e-34,5.287485838896124e-34,7.159103974003749e-69,7.330867472532839e-69,1.4489971446536589e-68,-5.415114947083889e-34,1.0702600785980013e-33,5.287485838896124e-34,2.606137157027813e-35,-1.1518004781179546e-34,5.0897423482983965e-34,1.0142031651413169e-36,4.478666655674474e-36,1.9774349059772716e-35
18.9,1.7407095544712038e-35,-7.693430619858932e-35,3.3997944295307587e-34,2.9594437351291496e-69,3.030069753027337e-69,5.989513488156486e-69,-3.4814191089424077e-34,6.881213538473166e-34,3.3997944295307587e-34,1.675142727273195e-35,-7.403870477096145e-35,3.271937618809923e-34,6.5566827198008925e-37,2.8956014276278674e-36,1.2785681072083572e-35
19.0,1.1190849811267716e-35,-4.946335750723233e-35,2.1859672290082984e-34,1.2233118679441385e-69,1.2523511949835067e-69,2.475663062927645e-69,-2.2381699622535433e-34,4.424137191261842e-34,2.1859672290082984e-34,1.0766994436103787e-35,-4.7591370629870814e-35,2.1033027076103677e-34,4.238553751639287e-37,1.8719868773615164e-36,8.266452139793075e-36
19.1,7.194292149494138e-36,-3.18005852429777e-35,1.4054723832041648e-34,5.0563861089794557e-70,5.175783953227298e-70,1.0232170062206754e-69,-1.4388584298988276e-34,2.8443308131029924e-34,1.4054723832041648e-34,6.920307760388894e-36,-3.0590430029210535e-35,1.3520296881728465e-34,2.7398438910524305e-37,1.2101552137671662e-36,5.3442695031318305e-36
19.200000000000003,4.6248903677897454e-36,-2.044441687956273e-35,9.036261625639069e-35,2.0898709077267475e-70,2.1389610914074366e-70,4.228831999134184e-70,-9.24978073557949e-35,1.828604236121856e-34,9.036261625639069e-35,4.44779434338101e-36,-1.966215189812312e-35,8.690774604489906e-35,1.7709602440873528e-37,7.822649814396118e-37,3.454870211491631e-36
19.300000000000004,2.973057467761039e-36,-1.3143243750909306e-35,5.809559653230932e-35,8.637242814790827e-71,8.83907070660968e-71,1.7476313521400505e-70,-5.946114935522078e-35,1.175567458875301e-34,5.809559653230932e-35,2.8585939882819182e-36,-1.263760364576899e-35,5.586228353291619e-35,1.1446347947912073e-37,5.056401051403163e-37,2.2333129993931326e-36
19.400000000000006,1.911145589450706e-36,-8.449261220954228e-36,3.734957800981197e-35,3.5695007589960463e-71,3.652477464076887e-71,7.221978223072933e-71,-3.8222911789014123e-35,7.55724897988261e-35,3.734957800981197e-35,1.8371679485844507e-36,-8.122444538589108e-36,3.5905993555339626e-35,7.397764086625532e-38,3.268166823651195e-37,1.443584454472347e-36
19.500000000000007,1.2284937849194941e-36,-5.431544881795468e-36,2.4011338615753024e-35,1.4750839901479274e-71,1.5091969795858242e-71,2.984280969733752e-71,-2.4569875698389885e-35,4.858121431414291e-35,2.4011338615753024e-35,1.1806847833362641e-36,-5.220321366261785e-36,2.3078278090698433e-35,4.780900158323001e-38,2.112235155336833e-37,9.330605250545913e-37
19.60000000000001,7.89661549302064e-37,-3.491536500283437e-36,1.5436020856180633e-35,6.095413566405755e-72,6.235653624461361e-72,1.2331067190867115e-71,-1.5793230986041282e-35,3.1229251842221915e-35,1.5436020856180633e-35,7.587660805199012e-37,-3.355029185810987e-36,1.4832971693478536e-35,3.089546878216286e-38,1.3650731447244983e-37,6.030491627020968e-37
19.70000000000001,5.0757236482507876e-37,-2.2443908797360503e-36,9.922995004179882e-36,2.518645210521181e-72,2.5762970553412286e-72,5.094942265862409e-72,-1.0151447296501575e-35,2.0074442300681457e-35,9.922995004179882e-36,4.876079734741175e-37,-2.1561752695389302e-36,9.533258426889569e-36,1.9964391350961228e-38,8.821561019712018e-38,3.897365772903135e-37
19.80000000000001,3.262451057843235e-37,-1.4426773495474815e-36,6.378796377063108e-36,1.040658967448673e-72,1.0643586904822443e-72,2.1050176579309174e-72,-6.52490211568647e-36,1.2903698492749578e-35,6.378796377063108e-36,3.133449849581107e-37,-1.385672595179365e-36,6.126932770356216e-36,1.2900120826212801e-38,5.700475436811649e-38,2.5186360670689215e-37
19.900000000000013,2.096907198907575e-37,-9.273183491612309e-37,4.10037306421444e-36,4.299596603455553e-73,4.3970198008304126e-73,8.696616404285965e-73,-4.1938143978151496e-36,8.29418746202959e-36,4.10037306421444e-36,2.013556711475008e-37,-8.90483993255703e-37,3.9376175442308494e-36,8.335048743256708e-39,3.683435590552791e-38,1.627555199835906e-37
20.000000000000014,1.3477324716733346e-37,-5.960429103394589e-37,2.6357049167567004e-36,1.776335754829661e-73,1.816382815202716e-73,3.592718570032377e-73,-2.6954649433466692e-36,5.3311698601033696e-36,2.6357049167567004e-36,1.2938807723264499e-37,-5.722431988786017e-37,2.53053722476504e-36,5.385169934688474e-39,2.379971146085715e-38,1.0516769199166025e-37
