time,position,velocity,acceleration,KE,PE,Total_E,F_spring,F_damping,F_total,analytical,error
0.0,1.0,0.0,-20.0,0.0,10.0,10.0,-20.0,-0.0,-20.0,1.0,0.0
0.1,0.9296666666666666,-1.1093333333333333,-5.281333333333334,0.6153102222222222,8.64280111111111,9.258111333333332,-18.593333333333334,13.312,-5.281333333333334,0.9314435810546168,0.0017769143879501348
0.2,0.8027490888888889,-1.3242481777777777,-0.1640036444444437,0.8768166181738823,6.444060997119411,7.320877615293294,-16.054981777777776,15.890978133333332,-0.1640036444444437,0.804066236735396,0.0013171478465071607
0.30000000000000004,0.6728374373762962,-1.2402061247525926,1.4257247495051857,0.7690556159369216,4.527102171351013,5.296157787287934,-13.456748747525925,14.88247349703111,1.4257247495051857,0.673567778025567,0.0007303406492707998
0.4,0.5567244378945528,-1.073898094539106,1.752288376578214,0.5766285587273612,3.0994209974900584,3.6760495562174196,-11.134488757891056,12.88677713446927,1.752288376578214,0.5570822954243434,0.00035785752979056173
0.5,0.45800260478553356,-0.9011736666023172,1.6540319035171347,0.4060569886887322,2.0976638599033364,2.5037208485920686,-9.160052095710672,10.814083999227806,1.6540319035171347,0.4581648147145316,0.0001622099289980139
0.6,0.3758046555414092,-0.7460474824695371,1.4364766788062617,0.27829342304956717,1.412291391265972,1.6905848143155393,-7.516093110828184,8.952569789634445,1.4364766788062617,0.3758730768460861,6.842130467693552e-05
0.7,0.3079922944073531,-0.6138989030847257,1.2069409488696463,0.18843593160431474,0.9485925341430567,1.1370284657473715,-6.159845888147062,7.366786837016709,1.2069409488696463,0.3080182344356195,2.5940028266391302e-05
0.7999999999999999,0.2522792438762698,-0.503776355603797,0.9997313897201678,0.12689530823272166,0.6364481689078243,0.763343477140546,-5.045584877525396,6.045316267245564,0.9997313897201678,0.2522867818363437,7.537960073855654e-06
0.8999999999999999,0.20659280853281492,-0.4128923175098513,0.8228516394619163,0.08524003292932793,0.42680588537476327,0.5120459183040912,-4.131856170656299,4.954707810118215,0.8228516394619163,0.20659275782596154,5.070685338282033e-08
0.9999999999999999,0.1691606871214605,-0.33821138690950403,0.6753229004848382,0.057193471117625114,0.28615338067404655,0.3433468517916717,-3.38321374242921,4.058536642914048,0.6753229004848382,0.16915775406332528,2.9330581352293716e-06
1.0999999999999999,0.13850359386667063,-0.27696594248330986,0.5535194324663055,0.03835506664783405,0.19183245513983643,0.2301875217876705,-2.7700718773334128,3.3235913097997183,0.5535194324663055,0.13849977252771983,3.821338950799058e-06
1.2,0.11339979682164054,-0.22678412667451933,0.45341358366142126,0.025715520055762216,0.12859513919189355,0.15431065924765577,-2.267995936432811,2.721409520094232,0.45341358366142126,0.1133959055586773,3.891262963240383e-06
1.3,0.09284505155230516,-0.18568430299132466,0.3713106048497927,0.01723933018868703,0.08620203597750202,0.10344136616618904,-1.8569010310461032,2.228211635895896,0.3713106048497927,0.0928414076855656,3.643866739552748e-06
1.4000000000000001,0.07601566025387423,-0.1520291454652663,0.30403654050571105,0.01155643053544955,0.05778380603832434,0.06934023657377389,-1.5203132050774846,1.8243497455831956,0.30403654050571105,0.07601237039934267,3.2898545315601657e-06
1.5000000000000002,0.062236675547544966,-0.12447253545415912,0.24893691449901012,0.00774670604119345,0.038734037832103815,0.046480743873297266,-1.2447335109508992,1.4936704254499094,0.24893691449901012,0.06223375898424978,2.9165632951869136e-06
1.6000000000000003,0.05095528606751028,-0.1019102662696715,0.2038174738858527,0.005192851185577673,0.02596441178221807,0.031157262967795744,-1.0191057213502055,1.2229231952360582,0.2038174738858527,0.05095272683916406,2.559228346216136e-06
1.7000000000000004,0.041718808178337605,-0.08343750165716933,0.16687385631927976,0.003480908341395067,0.017404589558209286,0.020885497899604352,-0.8343761635667521,1.001250019886032,0.16687385631927976,0.04171657710056327,2.231077774333956e-06
1.8000000000000005,0.034156585244543534,-0.06831312747677236,0.13662582483039754,0.0023333416928288755,0.01166672315567769,0.014000064848506565,-0.6831317048908707,0.8197575297212683,0.13662582483039754,0.03415464925162073,1.9359929228010553e-06
1.9000000000000006,0.027965137278299,-0.05593025842697998,0.11186035555777973,0.0015640969038543827,0.007820489029941084,0.009384585933795467,-0.55930274556598,0.6711631011237598,0.11186035555777973,0.027963463419507853,1.673858791146482e-06
2.0000000000000004,0.022895990955642147,-0.04579197586267754,0.09158389123928756,0.0010484525267040212,0.00524226401840847,0.006290716545112492,-0.45791981911284296,0.5495037103521305,0.09158389123928756,0.0228945480956293,1.4428600128464641e-06
2.1000000000000005,0.018745711330578802,-0.03749142039293007,0.07498281810358476,0.0007028033015397063,0.0035140169328939045,0.004216820234433611,-0.37491422661157603,0.4498970447151608,0.07498281810358476,0.018744470836033103,1.2404945456991057e-06
2.2000000000000006,0.01534773884920024,-0.03069547684781515,0.061390945189777,0.00047110614945737795,0.0023555308778325026,0.0028266370272898808,-0.3069547769840048,0.3683457221737818,0.061390945189777,0.015346674809098829,1.064040101410313e-06
2.3000000000000007,0.012565705434314341,-0.025131410549659186,0.05026281790962339,0.0003157938981077605,0.0015789695306195697,0.0018947634287273302,-0.25131410868628684,0.30157692659591023,0.05026281790962339,0.01256479465513726,9.1077917708203e-07
2.400000000000001,0.010287961913613137,-0.02057592370761271,0.041151846219089794,0.0002116843182107494,0.0010584216033595448,0.0012701059215702941,-0.20575923827226272,0.24691108449135252,0.041151846219089794,0.010287183801837185,7.781117759512318e-07
2.500000000000001,0.008423097357373427,-0.01684619466989177,0.03369238889123269,0.00014189713742794493,0.0007094856909179121,0.0008513828283458571,-0.16846194714746854,0.20215433603870123,0.03369238889123269,0.008422433745384832,6.636119885949227e-07
2.600000000000001,0.006896270578881499,-0.013792541140942341,0.027585082113678133,9.511709556229353e-05,0.00047558547897146557,0.0005707025745337591,-0.13792541157762997,0.1655104936913081,0.027585082113678133,0.00689570552467368,5.650542078189033e-07
2.700000000000001,0.005646206599549231,-0.011292413192790717,0.022584826322503984,6.375929785835691e-05,0.0003187964896479329,0.0003825557875062898,-0.11292413199098462,0.1355089583134886,0.022584826322503984,0.0056457261777959405,4.804217532908966e-07
2.800000000000001,0.004622737550287477,-0.00924547509820955,0.018490950172765058,4.2739404895806436e-05,0.00021369702458837864,0.00025643642948418506,-0.09245475100574954,0.1109457011785146,0.018490950172765058,0.0046223296454307936,4.079048566835164e-07
2.9000000000000012,0.003784789323803235,-0.007569578646719443,0.015139157284568619,2.8649260444435478e-05,0.00014324630225574949,0.00017189556270018496,-0.0756957864760647,0.09083494376063332,0.015139157284568619,0.0037844434316561676,3.458921470672789e-07
3.0000000000000013,0.0030987331790910356,-0.006197466357849436,0.01239493271237252,1.9204294628337777e-05,9.602147315199636e-05,0.00011522576778033414,-0.061974663581820716,0.07436959629419324,0.01239493271237252,0.003098440220809546,2.929582814895776e-07
3.1000000000000014,0.0025370361448462508,-0.005074072289567764,0.010148144577888145,1.2873104799879724e-05,6.436552400256326e-05,7.723862880244298e-05,-0.050740722896925015,0.06088886747481316,0.010148144577888145,0.002536788295361054,2.4784948519668976e-07
3.2000000000000015,0.002077156059664039,-0.004154312119281302,0.008308624238094843,8.629154592203752e-06,4.314577296199037e-05,5.177492755419412e-05,-0.04154312119328078,0.049851745431375626,0.008308624238094843,0.002076946591464246,2.0946819979288447e-07
3.3000000000000016,0.0017006369045848655,-0.0034012738091521895,0.006802547618128964,5.7843317624123226e-06,2.8921658812359928e-05,3.470599057477225e-05,-0.03401273809169731,0.040815285709826274,0.006802547618128964,0.0017004600469336967,1.768576511687863e-07
3.4000000000000017,0.0013923681216814218,-0.0027847362433562656,0.005569472486646753,3.877377972530983e-06,1.9386889862746505e-05,2.326426783527749e-05,-0.027847362433628436,0.03341683492027519,0.005569472486646753,0.0013922189348055708,1.4918687585101752e-07
3.5000000000000018,0.0011399781934916676,-0.0022799563869808684,0.0045599127739370665,2.5991005632674276e-06,1.2995502816365259e-05,1.5594603379632686e-05,-0.022799563869833353,0.02735947664377042,0.0045599127739370665,0.0011398524569429837,1.2573654868393118e-07
3.600000000000002,0.0009333381462848815,-0.0018666762925688377,0.0037333525851284237,1.7422401906192706e-06,8.711200953104988e-06,1.0453441143724258e-05,-0.01866676292569763,0.022400115510826053,0.0037333525851284237,0.0009332322604707877,1.0588581409376116e-07
3.700000000000002,0.0007641550516350266,-0.0015283101032697063,0.0030566202065359406,1.1678658858781302e-06,5.839329429393302e-06,7.007195315271432e-06,-0.015283101032700534,0.018339721239236474,0.0030566202065359406,0.0007640659514119413,8.910022308535655e-08
3.800000000000002,0.00062563921260867,-0.0012512784252172102,0.002502556850433121,7.828488487070307e-07,3.914244243535966e-06,4.697093092242997e-06,-0.012512784252173401,0.015015341102606522,0.002502556850433121,0.000625564291800753,7.492080791697553e-08
3.900000000000002,0.0005122316780031456,-0.0010244633560062425,0.0020489267120119975,5.247625838997865e-07,2.6238129194991825e-06,3.148575503398969e-06,-0.010244633560062912,0.01229356027207491,0.0020489267120119975,0.0005121687237247283,6.295427841735476e-08
4.000000000000002,0.0004193811491704448,-0.0008387622983408714,0.0016775245966815597,3.5176109655903044e-07,1.7588054827952286e-06,2.110566579354259e-06,-0.008387622983408897,0.010065147580090457,0.0016775245966815597,0.00041932828487813726,5.286429230754201e-08
4.100000000000001,0.0003433613261974832,-0.0006867226523949595,0.0013734453047898505,2.357940006561842e-07,1.1789700032809445e-06,1.4147640039371286e-06,-0.006867226523949664,0.008240671828739514,0.0013734453047898505,0.0003433169624651766,4.4363732306577745e-08
4.200000000000001,0.0002811213631354198,-0.000562242726270837,0.001124485452541648,1.5805844162223166e-07,7.902922081111656e-07,9.483506497333972e-07,-0.005622427262708396,0.006746912715250044,0.001124485452541648,0.00028108415522355956,3.7207911860240566e-08
4.300000000000001,0.00023016343071107284,-0.0004603268614221447,0.0009206537228442797,1.0595040967338121e-07,5.297520483669083e-07,6.357024580402895e-07,-0.004603268614221457,0.005523922337065737,0.0009206537228442797,0.00023013224208447353,3.118862659931207e-08
4.4,0.00018844247283751243,-0.0003768849456750245,0.0007537698913500459,7.10211311382331e-08,3.551056556911661e-07,4.261267868293992e-07,-0.0037688494567502486,0.0045226193481002945,0.0007537698913500459,0.0001884163438693456,2.6128968166823667e-08
4.5,0.0001542841339278327,-0.0003085682678556652,0.0006171365357113289,4.760718796372278e-08,2.3803593981861414e-07,2.856431277823369e-07,-0.0030856826785566538,0.0037028192142679827,0.0006171365357113289,0.00015426225510834944,2.1878819483255258e-08
4.6,0.0001263175632511809,-0.0002526351265023617,0.000505270253004723,3.1912253571432156e-08,1.5956126785716084e-07,1.91473521428593e-07,-0.0025263512650236177,0.0030316215180283407,0.000505270253004723,0.00012629925229636676,1.8310954814129135e-08
4.699999999999999,0.0001034203996191835,-0.00020684079923836697,0.0004136815984767338,2.1391558114783213e-08,1.069577905739161e-07,1.283493486886993e-07,-0.00206840799238367,0.002482089590860404,0.0004136815984767338,0.00010340508194579048,1.531767339302216e-08
4.799999999999999,8.46737285148795e-05,-0.00016934745702975898,0.0003386949140595176,1.4339280601223033e-08,7.16964030061152e-08,8.603568360733823e-08,-0.0016934745702975901,0.0020321694843571077,0.0003386949140595176,8.466092061356752e-05,1.2807901311984128e-08
4.899999999999999,6.932520399274901e-05,-0.00013865040798549802,0.00027730081597099614,9.611967817272525e-09,4.8059839086362626e-08,5.767180690363515e-08,-0.00138650407985498,0.0016638048958259762,0.00027730081597099614,6.931449929022143e-05,1.0704702527582167e-08
4.999999999999998,5.6758855348996704e-05,-0.00011351771069799342,0.0002270354213959869,6.443135321056665e-09,3.2215676605283317e-08,3.8658811926339985e-08,-0.001135177106979934,0.001362212528375921,0.0002270354213959869,5.674991220310626e-05,8.943145890444391e-09
5.099999999999998,4.647036683606857e-05,-9.294073367213714e-05,0.0001858814673442741,4.318989987757563e-09,2.1594949938787814e-08,2.5913939926545376e-08,-0.0009294073367213714,0.0011152888040656455,0.0001858814673442741,4.646289835515858e-05,7.468480909991575e-09
5.1999999999999975,3.80468383409172e-05,-7.60936766818344e-05,0.00015218735336366875,2.8951238154797746e-09,1.4475619077398874e-08,1.737074289287865e-08,-0.0007609367668183441,0.0009131241201820129,0.00015218735336366875,3.8040603760504735e-05,6.2345804124674725e-09
5.299999999999997,3.1150214777653614e-05,-6.230042955530723e-05,0.00012460085911061446,1.940671761387899e-09,9.703358806939496e-09,1.1644030568327395e-08,-0.0006230042955530723,0.0007476051546636867,0.00012460085911061446,3.114501216437917e-05,5.202613274442509e-09
5.399999999999997,2.55037191789576e-05,-5.100743835791521e-05,0.00010201487671583046,1.30087938391826e-09,6.504396919591298e-09,7.805276303509558e-09,-0.0005100743835791521,0.0006120892602949825,0.00010201487671583046,2.5499379263965083e-05,4.339914992517477e-09
5.4999999999999964,2.088074501578522e-05,-4.1761490031570445e-05,8.352298006314099e-05,8.720110248284788e-10,4.360055124142393e-09,5.232066148970872e-09,-0.0004176149003157044,0.0005011378803788454,8.352298006314099e-05,2.0877125987807223e-05,3.6190279779960393e-09
5.599999999999996,1.709576196925722e-05,-3.419152393851444e-05,6.838304787702888e-05,5.84530154619003e-10,2.922650773095015e-09,3.507180927714018e-09,-0.0003419152393851444,0.00041029828726217327,6.838304787702888e-05,1.7092745082101324e-05,3.0168871558953223e-09
5.699999999999996,1.3996870182963195e-05,-2.7993740365926387e-05,5.598748073185273e-05,3.918247498374482e-10,1.9591237491872414e-09,2.3509484990246895e-09,-0.0002799374036592639,0.00033592488439111663,5.598748073185273e-05,1.39943560532388e-05,2.514129724395583e-09
5.799999999999995,1.1459704181131401e-05,-2.29194083622628e-05,4.583881672452555e-05,2.6264963983808096e-10,1.3132481991904053e-09,1.5758978390284863e-09,-0.00022919408362262803,0.0002750329003471536,4.583881672452555e-05,1.1457609670309623e-05,2.094510821778808e-09
5.899999999999995,9.38244180323165e-06,-1.87648836064633e-05,3.7529767212926584e-05,1.7606042838205753e-10,8.803021419102877e-10,1.0563625702923452e-09,-0.000187648836064633,0.00022517860327755959,3.7529767212926584e-05,9.380697393846172e-06,1.7444093854778852e-09
5.999999999999995,7.68171785236586e-06,-1.536343570473172e-05,3.072687140946346e-05,1.180175783267127e-10,5.900878916335635e-10,7.081054699602762e-10,-0.00015363435704731718,0.00018436122845678064,3.072687140946346e-05,7.680265441660344e-06,1.452410705515616e-09
6.099999999999994,6.289278462993675e-06,-1.257855692598735e-05,2.5157113851974686e-05,7.911004717015216e-11,3.955502358507608e-10,4.746602830209129e-10,-0.0001257855692598735,0.0001509426831118482,2.5157113851974686e-05,6.288069508889377e-06,1.2089541042978796e-09
6.199999999999994,5.149241920268355e-06,-1.029848384053671e-05,2.059696768107342e-05,5.3029384706897866e-11,2.6514692353448934e-10,3.181763082413872e-10,-0.00010298483840536709,0.0001235818060864405,2.059696768107342e-05,5.148235884419699e-06,1.006035848655489e-09
6.299999999999994,4.215856001521044e-06,-8.431712003042089e-06,1.6863424006084167e-05,3.554688365112202e-11,1.777344182556101e-10,2.1328130190673213e-10,-8.431712003042089e-05,0.00010118054403650506,1.6863424006084167e-05,4.215019042674033e-06,8.3695884701143e-10
6.399999999999993,3.451661836978663e-06,-6.903323673957325e-06,1.3806647347914649e-05,2.382793887370983e-11,1.191396943685492e-10,1.4296763324225902e-10,-6.903323673957326e-05,8.283988408748791e-05,1.3806647347914649e-05,3.4509657150465478e-06,6.961219321153527e-10
6.499999999999993,2.8259906013289976e-06,-5.651981202657994e-06,1.1303962405315987e-05,1.5972445757599653e-11,7.98622287879983e-11,9.583467454559796e-11,-5.651981202657995e-05,6.782377443189594e-05,1.1303962405315987e-05,2.825411758726358e-06,5.788426026395408e-10
6.5999999999999925,2.313732704994761e-06,-4.627465409989522e-06,9.254930819979047e-06,1.0706718060324747e-11,5.353359030162373e-11,6.424030836194848e-11,-4.627465409989522e-05,5.5529584919874264e-05,9.254930819979047e-06,2.313251496977418e-06,4.812080173428437e-10
6.699999999999992,1.8943300900027106e-06,-3.7886601800054212e-06,7.577320360010843e-06,7.1769729797793554e-12,3.588486489889678e-11,4.306183787867613e-11,-3.788660180005421e-05,4.546392216006505e-05,7.577320360010843e-06,1.8939301401790916e-06,3.999498236190017e-10
6.799999999999992,1.5509511890215527e-06,-3.1019023780431053e-06,6.203804756086207e-06,4.810899181454736e-12,2.405449590727368e-11,2.8865395088728417e-11,-3.101902378043106e-05,3.7222828536517264e-05,6.203804756086207e-06,1.5506188499459165e-06,3.3233907563614266e-10
6.8999999999999915,1.2698154368249125e-06,-2.5396308736498253e-06,5.079261747299657e-06,3.2248624871976876e-12,1.612431243598843e-11,1.934917492318612e-11,-2.539630873649825e-05,3.0475570483797906e-05,5.079261747299657e-06,1.2695393387531354e-06,2.7609807177707574e-10
6.999999999999991,1.0396402253097833e-06,-2.0792804506195667e-06,4.158560901239131e-06,2.1617035961643542e-12,1.080851798082177e-11,1.2970221576986125e-11,-2.0792804506195667e-05,2.4951365407434798e-05,4.158560901239131e-06,1.0394108988794784e-06,2.293264303048997e-10
7.099999999999991,8.511881071352966e-07,-1.702376214270593e-06,3.4047524285411852e-06,1.449042387457138e-12,7.245211937285692e-12,8.69425432474283e-12,-1.7023762142705933e-05,2.0428514571247118e-05,3.4047524285411852e-06,8.509976679970578e-07,1.9043913823880252e-10
7.19999999999999,6.968960762485719e-07,-1.3937921524971436e-06,2.7875843049942854e-06,9.713282821813103e-13,4.856641410906552e-12,5.827969693087862e-12,-1.3937921524971437e-05,1.6725505829965723e-05,2.7875843049942854e-06,6.967379615868381e-07,1.581146617338066e-10
7.29999999999999,5.70572047493914e-07,-1.141144094987828e-06,2.2822881899756553e-06,6.511049227627946e-13,3.255524613813973e-12,3.906629536576767e-12,-1.1411440949878282e-05,1.3693729139853937e-05,2.2822881899756553e-06,5.704407959880103e-07,1.312515059037423e-10
7.39999999999999,4.671463543515172e-07,-9.342927087030344e-07,1.8685854174060694e-06,4.3645143276782653e-13,2.1822571638391327e-12,2.618708596606959e-12,-9.342927087030344e-06,1.1211512504436413e-05,1.8685854174060694e-06,4.670374224856675e-07,1.0893186584968395e-10
7.499999999999989,3.824682918527322e-07,-7.649365837054644e-07,1.5298731674109289e-06,2.925639885454935e-13,1.4628199427274674e-12,1.755383931272961e-12,-7.649365837054644e-06,9.179239004465573e-06,1.5298731674109289e-06,3.823779006272904e-07,9.039122544182747e-11
7.599999999999989,3.131395394828936e-07,-6.262790789657872e-07,1.2525581579315738e-06,1.9611274237511738e-13,9.805637118755868e-13,1.1766764542507042e-12,-6.262790789657873e-06,7.5153489475894465e-06,1.2525581579315738e-06,3.1306454654095934e-07,7.499294193428352e-11
7.699999999999989,2.563777789592944e-07,-5.127555579185889e-07,1.025511115837179e-06,1.314591310882017e-13,6.572956554410082e-13,7.887547865292099e-13,-5.127555579185888e-06,6.153066695023067e-06,1.025511115837179e-06,2.5631557195149676e-07,6.22070077976536e-11
7.799999999999988,2.0990503355993964e-07,-4.1981006711987933e-07,8.396201342397594e-07,8.812024622759879e-14,4.4060123113799383e-13,5.287214773655926e-13,-4.198100671198793e-06,5.037720805438552e-06,8.396201342397594e-07,2.0985344124946272e-07,5.1592310476917576e-11
7.899999999999988,1.718562478099746e-07,-3.4371249561994913e-07,6.874249912398972e-07,5.906913982264677e-14,2.9534569911323395e-13,3.544148389358807e-13,-3.437124956199492e-06,4.124549947439389e-06,6.874249912398972e-07,1.7181346599017876e-07,4.27818197958307e-11
7.999999999999988,1.4070443862361987e-07,-2.814088772472397e-07,5.628177544944789e-07,3.959547809677601e-14,1.979773904838801e-13,2.375728685806561e-13,-2.8140887724723973e-06,3.3769065269668762e-06,5.628177544944789e-07,1.406689683990774e-07,3.547022454247622e-11
8.099999999999987,1.151994140491117e-07,-2.303988280982234e-07,4.6079765619644713e-07,2.654180999451735e-14,1.3270904997258675e-13,1.592508599671041e-13,-2.303988280982234e-06,2.764785937178681e-06,4.6079765619644713e-07,1.1517001043207955e-07,2.940361703214784e-11
8.199999999999987,9.431760026247606e-08,-1.8863520052495212e-07,3.7727040104990407e-07,1.779161943854445e-14,8.895809719272224e-14,1.0674971663126669e-13,-1.8863520052495212e-06,2.2636224062994253e-06,3.7727040104990407e-07,9.429322937305558e-08,2.4370889420480596e-11
8.299999999999986,7.722096325489789e-08,-1.544419265097958e-07,3.08883853019592e-07,1.1926154332028583e-14,5.96307716601429e-14,7.155692599217148e-14,-1.5444192650979578e-06,1.8533031181175497e-06,3.08883853019592e-07,7.720076669475673e-08,2.0196560141159997e-11
8.399999999999986,6.32233766488934e-08,-1.2644675329778682e-07,2.5289350659557395e-07,7.99439070977568e-15,3.997195354887839e-14,4.7966344258654066e-14,-1.2644675329778679e-06,1.5173610395734418e-06,2.5289350659557395e-07,6.32066418541958e-08,1.6734794697594515e-11
8.499999999999986,5.1763085908337316e-08,-1.0352617181667465e-07,2.0705234363334932e-07,5.35883412550782e-15,2.6794170627539092e-14,3.215300475304691e-14,-1.0352617181667464e-06,1.2423140618000957e-06,2.0705234363334932e-07,5.174922148481606e-08,1.3864423521257032e-11
8.599999999999985,4.2380163869352704e-08,-8.476032773870542e-08,1.6952065547741095e-07,3.592156579186378e-15,1.7960782895931883e-14,2.1552939475118262e-14,-8.476032773870541e-07,1.017123932864465e-06,1.6952065547741095e-07,4.236867907746275e-08,1.1484791889952275e-11
8.699999999999985,3.469805283196804e-08,-6.939610566393607e-08,1.3879221132787223e-07,2.40790974066009e-15,1.2039548703300451e-14,1.444745844396054e-14,-6.939610566393607e-07,8.327532679672329e-07,1.3879221132787223e-07,3.468854052801044e-08,9.512303957595814e-12
8.799999999999985,2.84084524552933e-08,-5.68169049105866e-08,1.1363380982117324e-07,1.6140803418093197e-15,8.070401709046598e-15,9.684482050855918e-15,-5.68169049105866e-07,6.818028589270392e-07,1.1363380982117324e-07,2.8400574909674105e-08,7.877545619194217e-12
8.899999999999984,2.32589469735638e-08,-4.65178939471276e-08,9.30357878942552e-08,1.0819572286381052e-15,5.4097861431905264e-15,6.491743371828632e-15,-4.65178939471276e-07,5.582147273655312e-07,9.30357878942552e-08,2.3252424083645134e-08,6.5228899186665824e-12
8.999999999999984,1.9042875185489135e-08,-3.808575037097827e-08,7.617150074195651e-08,7.252621906602357e-16,3.626310953301179e-15,4.351573143961414e-15,-3.808575037097827e-07,4.5702900445173924e-07,7.617150074195651e-08,1.9037474680891394e-08,5.400504597740494e-12
9.099999999999984,1.5591036676866138e-08,-3.1182073353732276e-08,6.236414670746451e-08,4.861608493187702e-16,2.4308042465938513e-15,2.9169650959126216e-15,-3.1182073353732277e-07,3.741848802447873e-07,6.236414670746451e-08,1.5586565982189233e-08,4.470694676904887e-12
9.199999999999983,1.2764901428572869e-08,-2.5529802857145737e-08,5.105960571429148e-08,3.2588541696236333e-16,1.6294270848118167e-15,1.95531250177418e-15,-2.5529802857145735e-07,3.0635763428574883e-07,5.105960571429148e-08,1.2761200904497454e-08,3.700524075414382e-12
9.299999999999983,1.0451050296286894e-08,-2.0902100592573787e-08,4.1804201185147595e-08,2.1844890459103674e-16,1.0922445229551837e-15,1.3106934275462205e-15,-2.0902100592573787e-07,2.5082520711088546e-07,4.1804201185147595e-08,1.0447987626718633e-08,3.062669568260411e-12
9.399999999999983,8.55662324591329e-09,-1.711324649182658e-08,3.422649298365316e-08,1.4643160274500736e-16,7.321580137250368e-16,8.785896164700442e-16,-1.7113246491826579e-07,2.0535895790191894e-07,3.422649298365316e-08,8.554088777772789e-09,2.5344681405007216e-12
9.499999999999982,7.005592672204074e-09,-1.4011185344408147e-08,2.8022370688816275e-08,9.815665737767883e-17,4.907832868883941e-16,5.88939944266073e-16,-1.4011185344408148e-07,1.6813422413289776e-07,2.8022370688816275e-08,7.0034955469218325e-09,2.0971252822411973e-12
9.599999999999982,5.735712240489216e-09,-1.1471424480978431e-08,2.2942848961956843e-08,6.579678981139564e-17,3.2898394905697817e-16,3.947807388683738e-16,-1.1471424480978432e-07,1.3765709377174116e-07,2.2942848961956843e-08,5.733977183309609e-09,1.7350571796064712e-12
9.699999999999982,4.696018801696537e-09,-9.392037603393073e-09,1.8784075206786126e-08,4.4105185171774747e-17,2.2052592585887384e-16,2.6463111103064857e-16,-9.392037603393075e-08,1.1270445124071687e-07,1.8784075206786126e-08,4.694583457423045e-09,1.4353442734924297e-12
9.799999999999981,3.8447871269090115e-09,-7.689574253818023e-09,1.5379148507636046e-08,2.95647761024905e-17,1.4782388051245252e-16,1.7738865661494303e-16,-7.689574253818023e-08,9.227489104581628e-08,1.5379148507636046e-08,3.843599849483408e-09,1.1872774256037828e-12
9.89999999999998,3.147855380371305e-09,-6.29571076074261e-09,1.259142152148522e-08,1.9817986991465143e-17,9.908993495732572e-17,1.1890792194879086e-16,-6.29571076074261e-08,7.554852912891132e-08,1.259142152148522e-08,3.1468733992979703e-09,9.8198107333453e-13
9.99999999999998,2.577254128422666e-09,-5.154508256845333e-09,1.030901651369067e-08,1.3284477684943358e-17,6.642238842471677e-17,7.970686610966013e-17,-5.154508256845332e-08,6.185409908214399e-08,1.030901651369067e-08,2.576442028048298e-09,8.121003743682634e-13
10.09999999999998,2.1100838634105844e-09,-4.220167726821169e-09,8.440335453642338e-09,8.904907821251476e-18,4.452453910625738e-17,5.342944692750885e-17,-4.220167726821169e-08,5.0642012721854026e-08,8.440335453642338e-09,2.1094123218857473e-09,6.715415248371422e-13
10.19999999999998,1.7275959951030257e-09,-3.455191990206052e-09,6.910383980412109e-09,5.969175844592029e-18,2.9845879222960135e-17,3.581505506755217e-17,-3.455191990206052e-08,4.1462303882472625e-08,6.910383980412109e-09,1.7270407388494934e-09,5.552562535323545e-13
10.29999999999998,1.4144404277240173e-09,-2.8288808554480346e-09,5.657761710896072e-09,4.001283447160202e-18,2.0006417235801012e-17,2.4007700682961215e-17,-2.8288808554480345e-08,3.3946570265376416e-08,5.657761710896072e-09,1.413981364714601e-09,4.590630094162101e-13
10.399999999999979,1.1580495261919104e-09,-2.3160990523838208e-09,4.632198104767644e-09,2.682157410226616e-18,1.341078705113308e-17,1.6092944461359697e-17,-2.3160990523838207e-08,2.779318862860585e-08,4.632198104767644e-09,1.1576700275710186e-09,3.7949862089180765e-13
10.499999999999979,9.481337487441902e-10,-1.8962674974883804e-09,3.792534994976761e-09,1.797915211015422e-18,8.989576055077111e-18,1.0787491266092533e-17,-1.8962674974883804e-08,2.2755209969860564e-08,3.792534994976761e-09,9.478200534890288e-10,3.1369525516142835e-13
10.599999999999978,7.7626870455516e-10,-1.55253740911032e-09,3.1050748182206426e-09,1.2051862033434927e-18,6.025931016717463e-18,7.231117220060956e-18,-1.55253740911032e-08,1.8630448909323842e-08,3.1050748182206426e-09,7.760094261754861e-10,2.59278379673902e-13
10.699999999999978,6.355570640427946e-10,-1.2711141280855893e-09,2.5422282561711773e-09,8.078655633093939e-19,4.03932781654697e-18,4.847193379856364e-18,-1.2711141280855893e-08,1.525336953702707e-08,2.5422282561711773e-09,6.353427818882688e-10,2.1428215452588984e-13
10.799999999999978,5.203517535673041e-10,-1.0407035071346082e-09,2.0814070142692176e-09,5.415318948811367e-19,2.7076594744056833e-18,3.24919136928682e-18,-1.0407035071346081e-08,1.2488442085615299e-08,2.0814070142692176e-09,5.201746742780427e-10,1.770792892614091e-13
10.899999999999977,4.260293257040041e-10,-8.520586514080082e-10,1.7041173028160165e-09,3.630019727196168e-19,1.815009863598084e-18,2.178011836317701e-18,-8.520586514080081e-09,1.0224703816896098e-08,1.7041173028160165e-09,4.258830028037561e-10,1.4632290024798716e-13
10.999999999999977,3.488044099313916e-10,-6.976088198627832e-10,1.3952176397255658e-09,2.4332903277517254e-19,1.2166451638758626e-18,1.459974196651035e-18,-6.976088198627832e-09,8.371305838353398e-09,1.3952176397255658e-09,3.4868351160863174e-10,1.2089832275986188e-13
11.099999999999977,2.855777972244947e-10,-5.711555944489894e-10,1.1423111888979792e-09,1.6310935653518922e-19,8.155467826759461e-19,9.786561392111353e-19,-5.7115559444898935e-09,6.853867133387873e-09,1.1423111888979792e-09,2.854779140452105e-10,9.988317928420708e-14
11.199999999999976,2.338120618476013e-10,-4.676241236952026e-10,9.352482473904051e-10,1.0933616053085304e-19,5.466808026542652e-19,6.560169631851183e-19,-4.676241236952026e-09,5.611489484342431e-09,9.352482473904051e-10,2.3372954755336667e-10,8.251429423461119e-14
11.299999999999976,1.9142972877002608e-10,-3.828594575400522e-10,7.657189150801045e-10,7.329068211393152e-20,3.664534105696575e-19,4.3974409268358905e-19,-3.828594575400522e-09,4.594313490480626e-09,7.657189150801045e-10,1.9136156848494402e-10,6.816028508206317e-14
11.399999999999975,1.5672989993497934e-10,-3.1345979986995874e-10,6.269195997399179e-10,4.912852306725729e-20,2.456426153362864e-19,2.947711384035437e-19,-3.134597998699587e-09,3.761517598439505e-09,6.269195997399179e-10,1.5667360107586212e-10,5.629885911722209e-14
11.499999999999975,1.283199934067654e-10,-2.566399868135309e-10,5.132799736270619e-10,3.2932041415824654e-20,1.6466020707912319e-19,1.9759224849494785e-19,-2.5663998681353084e-09,3.0796798417623703e-09,5.132799736270619e-10,1.2827349539628002e-10,4.6498010485390226e-14
11.599999999999975,1.050598559352324e-10,-2.1011971187046482e-10,4.202394237409298e-10,2.2075146658263576e-20,1.1037573329131787e-19,1.3245087994958143e-19,-2.101197118704648e-09,2.521436542445578e-09,4.202394237409298e-10,1.0502145548574144e-10,3.8400449490954117e-14
11.699999999999974,8.60160060493726e-11,-1.7203201209874523e-10,3.4406402419749066e-10,1.4797506593371412e-20,7.398753296685704e-20,8.878503956022846e-20,-1.720320120987452e-09,2.0643841451849427e-09,3.4406402419749066e-10,8.598429533918691e-11,3.171071018568969e-14
11.799999999999974,7.042417135282299e-11,-1.4084834270564599e-10,2.8169668541129197e-10,9.919127821463549e-21,4.9595639107317745e-20,5.951476692878129e-20,-1.4084834270564599e-09,1.6901801124677518e-09,2.8169668541129197e-10,7.039798687593215e-11,2.6184476890838706e-14
11.899999999999974,5.765861655893461e-11,-1.1531723311786923e-10,2.3063446623573855e-10,6.6490321269804975e-21,3.324516063490249e-20,3.9894192761882984e-20,-1.1531723311786921e-09,1.3838067974144307e-09,2.3063446623573855e-10,5.763699681010585e-11,2.161974882876064e-14
11.999999999999973,4.7207031330685066e-11,-9.441406266137013e-11,1.888281253227401e-10,4.457007614112563e-21,2.2285038070562816e-20,2.674204568467538e-20,-9.441406266137014e-10,1.1329687519364415e-09,1.888281253227401e-10,4.718918180349123e-11,1.7849527193833737e-14
12.099999999999973,3.8649970118142884e-11,-7.729994023628577e-11,1.5459988047257154e-10,2.987640380266676e-21,1.493820190133338e-20,1.7925842281600055e-20,-7.729994023628577e-10,9.275992828354292e-10,1.5459988047257154e-10,3.8635234355106204e-11,1.4735763036680247e-14
12.199999999999973,3.164401886806085e-11,-6.32880377361217e-11,1.265760754722434e-10,2.002687860244382e-21,1.001343930122191e-20,1.2016127161466292e-20,-6.328803773612169e-10,7.594564528334603e-10,1.265760754722434e-10,3.163185451890044e-11,1.2164349160404315e-14
12.299999999999972,2.590801304791035e-11,-5.181602609582071e-11,1.0363205219164152e-10,1.3424502801813862e-21,6.71225140090693e-21,8.054701681088315e-21,-5.18160260958207e-10,6.217923131498485e-10,1.0363205219164152e-10,2.589797207151254e-11,1.0040976397809606e-14
12.399999999999972,2.1211753882759134e-11,-4.242350776551827e-11,8.484701553103658e-11,8.998770055654944e-22,4.499385027827472e-21,5.399262033392967e-21,-4.2423507765518267e-10,5.090820931862192e-10,8.484701553103658e-11,2.120346617730202e-11,8.287705457112897e-15
12.499999999999972,1.7366769962277663e-11,-3.473353992455532e-11,6.946707984911056e-11,6.032093978453392e-22,3.016046989226697e-21,3.619256387072036e-21,-3.4733539924555327e-10,4.1680247909466383e-10,6.946707984911056e-11,1.7359929831206012e-11,6.8401310716503625e-15
12.599999999999971,1.42187534604488e-11,-2.8437506920897596e-11,5.6875013841795186e-11,4.0434589993804937e-22,2.0217294996902472e-21,2.4260753996282966e-21,-2.84375069208976e-10,3.4125008305077117e-10,5.6875013841795186e-11,1.421310842408423e-11,5.645036364569042e-15
12.69999999999997,1.1641367416518114e-11,-2.3282734833036228e-11,4.656546966607242e-11,2.7104287065273927e-22,1.3552143532636963e-21,1.6262572239164355e-21,-2.328273483303623e-10,2.793928179964347e-10,4.656546966607242e-11,1.1636708963629498e-11,4.6584528886156896e-15
12.79999999999997,9.53117554948393e-12,-1.906235109896786e-11,3.812470219793572e-11,1.8168661471016059e-22,9.084330735508029e-22,1.0901196882609635e-21,-1.906235109896786e-10,2.2874821318761432e-10,3.812470219793572e-11,9.527331493141688e-12,3.8440563422417765e-15
12.89999999999997,7.803491128214142e-12,-1.5606982256428285e-11,3.121396451285658e-11,1.2178894757623366e-22,6.089447378811683e-22,7.307336854574019e-22,-1.5606982256428284e-10,1.8728378707713942e-10,3.121396451285658e-11,7.800319288203474e-12,3.1718400106685776e-15
12.99999999999997,6.388978303039859e-12,-1.2777956606079718e-11,2.5555913212159445e-11,8.163808751342814e-23,4.081904375671407e-22,4.898285250805688e-22,-1.2777956606079717e-10,1.5333547927295662e-10,2.5555913212159445e-11,6.386361285079542e-12,2.617017960316699e-15
13.09999999999997,5.230869502642167e-12,-1.0461739005284334e-11,2.092347801056865e-11,5.472399150734383e-23,2.736199575367191e-22,3.2834394904406293e-22,-1.0461739005284335e-10,1.25540868063412e-10,2.092347801056865e-11,5.228710384361245e-12,2.1591182809225142e-15
13.199999999999969,4.282687224129897e-12,-8.565374448259794e-12,1.7130748896519598e-11,3.668281971945089e-23,1.8341409859725444e-22,2.2009691831670533e-22,-8.565374448259794e-11,1.0278449337911754e-10,1.7130748896519598e-11,4.280905990614749e-12,1.781233515148201e-15
13.299999999999969,3.506378786635951e-12,-7.012757573271902e-12,1.4025515146543813e-11,2.4589384390741206e-23,1.2294692195370602e-22,1.4753630634444721e-22,-7.012757573271901e-11,8.415309087926283e-11,1.4025515146543813e-11,3.50490938555206e-12,1.469401083890996e-15
13.399999999999968,2.870789191911741e-12,-5.741578383823482e-12,1.1483156767646958e-11,1.648286116879453e-23,8.241430584397265e-23,9.889716701276718e-23,-5.741578383823482e-11,6.889894060588178e-11,1.1483156767646958e-11,2.8695771007031265e-12,1.21209120861434e-15
13.499999999999968,2.3504108043912058e-12,-4.700821608782412e-12,9.401643217564831e-12,1.1048861898797833e-23,5.524430949398915e-23,6.629317139278698e-23,-4.7008216087824117e-11,5.640985930538895e-11,9.401643217564831e-12,2.3494110206740045e-12,9.997837172012508e-16
13.599999999999968,1.9243596725818933e-12,-3.8487193451637866e-12,7.697438690327578e-12,7.406320298918983e-24,3.7031601494594915e-23,4.44379217935139e-23,-3.8487193451637864e-11,4.618463214196544e-11,7.697438690327578e-12,1.9235350542461387e-12,8.246183357546045e-16
13.699999999999967,1.5755374092652154e-12,-3.1510748185304308e-12,6.302149637060858e-12,4.964636255988294e-24,2.482318127994147e-23,2.978781753592976e-23,-3.151074818530431e-11,3.781289782236517e-11,6.302149637060858e-12,1.5748573035348393e-12,6.801057303760988e-16
13.799999999999967,1.289944994879074e-12,-2.579889989758148e-12,5.159779979516301e-12,3.327916179627148e-24,1.663958089813574e-23,1.996749707776289e-23,-2.5798899897581478e-11,3.095867987709778e-11,5.159779979516301e-12,1.2893841061134395e-12,5.608887656344585e-16
13.899999999999967,1.0561209654739939e-12,-2.1122419309479874e-12,4.22448386189597e-12,2.230782987427441e-24,1.115391493713721e-23,1.338469792456465e-23,-2.112241930947988e-11,2.534690317137585e-11,4.22448386189597e-12,1.0556584202050378e-12,4.625452689560748e-16
13.999999999999966,8.646814384657413e-13,-1.7293628769314825e-12,3.4587257538629655e-12,1.495347980054367e-24,7.476739900271835e-24,8.972087880326203e-24,-1.7293628769314824e-11,2.075235452317779e-11,3.4587257538629655e-12,8.643000133675837e-13,3.814250981575803e-16
14.099999999999966,7.079435163865179e-13,-1.4158870327730358e-12,2.831774065546074e-12,1.0023680447874159e-24,5.011840223937079e-24,6.0142082687244945e-24,-1.4158870327730358e-11,1.6990644393276432e-11,2.831774065546074e-12,7.07629000829752e-13,3.1451555676588667e-16
14.199999999999966,5.796169549828551e-13,-1.1592339099657102e-12,2.3184678199314216e-12,6.719116290071941e-25,3.3595581450359705e-24,4.0314697740431646e-24,-1.1592339099657101e-11,1.3910806919588523e-11,2.3184678199314216e-12,5.793576247491632e-13,2.593302336918495e-16
14.299999999999965,4.745517216096295e-13,-9.49103443219259e-13,1.8982068864385193e-12,4.503986729653267e-25,2.2519933648266332e-24,2.7023920377919597e-24,-9.49103443219259e-12,1.138924131863111e-11,1.8982068864385193e-12,4.743379044123535e-13,2.13817197276007e-16
14.399999999999965,3.88531312872524e-13,-7.77062625745048e-13,1.5541252514900952e-12,3.019131621648943e-25,1.5095658108244716e-24,1.8114789729893657e-24,-7.770626257450481e-12,9.324751508940576e-12,1.5541252514900952e-12,3.8835502969295824e-13,1.7628317956576914e-16
14.499999999999964,3.1810353689249784e-13,-6.362070737849957e-13,1.2724141475699907e-12,2.0237972036703347e-25,1.0118986018351673e-24,1.2142783222022007e-24,-6.362070737849957e-12,7.634484885419948e-12,1.2724141475699907e-12,3.1795820592213796e-13,1.4533097035987614e-16
14.599999999999964,2.6044196910511774e-13,-5.208839382102355e-13,1.041767876420471e-12,1.356600385427022e-25,6.78300192713511e-25,8.139602312562132e-25,-5.208839382102355e-12,6.250607258522826e-12,1.041767876420471e-12,2.6032216138195623e-13,1.1980772316150866e-16
14.699999999999964,2.1323252150533007e-13,-4.2646504301066014e-13,8.529300860213203e-13,9.09362164550421e-26,4.546810822752105e-25,5.4561729873025265e-25,-4.264650430106601e-12,5.117580516127922e-12,8.529300860213203e-13,2.131337592311371e-13,9.876227419295786e-17
14.799999999999963,1.7458057310713058e-13,-3.491611462142611e-13,6.983222924285217e-13,6.095675301282831e-26,3.047837650641417e-25,3.6574051807697002e-25,-3.491611462142612e-12,4.189933754571134e-12,6.983222924285217e-13,1.7449916320165026e-13,8.140990548032389e-17
14.899999999999963,1.4293493455524472e-13,-2.858698691104894e-13,5.717397382209784e-13,4.086079103262417e-26,2.0430395516312093e-25,2.451647461957451e-25,-2.8586986911048943e-12,3.4304384293258727e-12,5.717397382209784e-13,1.4286783129956489e-13,6.710325567983249e-17
14.999999999999963,1.1702559541819735e-13,-2.340511908363947e-13,4.681023816727894e-13,2.738997996596723e-26,1.3694989982983614e-25,1.6433987979580337e-25,-2.340511908363947e-12,2.8086142900367365e-12,4.681023816727894e-13,1.1697028711051092e-13,5.530830768643743e-17
15.099999999999962,9.581275582205879e-14,-1.9162551164411757e-13,3.8325102328823514e-13,1.836016835643492e-26,9.180084178217459e-26,1.1016101013860952e-25,-1.9162551164411757e-12,2.299506139729411e-12,3.8325102328823514e-13,9.576717125373641e-14,4.558456832237863e-17
15.199999999999962,7.844509695004693e-14,-1.5689019390009386e-13,3.137803878001877e-13,1.2307266471004524e-26,6.153633235502262e-26,7.384359882602715e-26,-1.5689019390009386e-12,1.8826823268011264e-12,3.137803878001877e-13,7.840752824071974e-14,3.756870932719293e-17
15.299999999999962,6.422561570956843e-14,-1.2845123141913685e-13,2.569024628382737e-13,8.249859426546325e-27,4.1249297132731626e-26,4.949915655927795e-26,-1.2845123141913685e-12,1.5414147770296422e-12,2.569024628382737e-13,6.419465464350764e-14,3.096106606078818e-17
15.399999999999961,5.2583652435280656e-14,-1.0516730487056131e-13,2.1033460974112265e-13,5.530081006868794e-27,2.765040503434397e-26,3.3180486041212765e-26,-1.051673048705613e-12,1.2620076584467357e-12,2.1033460974112265e-13,5.255813793986001e-14,2.551449542064733e-17
15.499999999999961,4.305198903717878e-14,-8.610397807435757e-14,1.7220795614871517e-13,3.706947520114725e-27,1.853473760057362e-26,2.2241685120688345e-26,-8.610397807435756e-13,1.0332477368922908e-12,1.7220795614871517e-13,4.303096385587807e-14,2.1025181300709703e-17
15.59999999999996,3.5248098491039505e-14,-7.049619698207901e-14,1.4099239396415795e-13,2.4848568944680428e-27,1.2424284472340215e-26,1.4909141366808258e-26,-7.049619698207901e-13,8.459543637849481e-13,1.4099239396415795e-13,3.523077344339449e-14,1.7325047645013472e-17
15.69999999999996,2.885879317123041e-14,-5.771758634246082e-14,1.154351726849217e-13,1.6656598865997103e-27,8.328299432998551e-27,9.99395931959826e-27,-5.771758634246082e-13,6.926110361095299e-13,1.154351726849217e-13,2.884451767283016e-14,1.42754984002547e-17
15.79999999999996,2.3627655929058712e-14,-4.7255311858117425e-14,9.45106237162349e-14,1.1165322494039666e-27,5.5826612470198326e-27,6.699193496423799e-27,-4.725531185811742e-13,5.670637422974091e-13,9.45106237162349e-14,2.3615893676447408e-14,1.1762252611304336e-17
15.89999999999996,1.9344749497651337e-14,-3.8689498995302667e-14,7.737899799060527e-14,7.484386662537631e-28,3.742193331268816e-27,4.490631997522579e-27,-3.8689498995302676e-13,4.64273987943632e-13,7.737899799060527e-14,1.933505841432735e-14,9.691083323985497e-18
15.99999999999996,1.5838191238710404e-14,-3.167638247742081e-14,6.335276495484159e-14,5.0169660342792605e-28,2.5084830171396304e-27,3.0101796205675567e-27,-3.167638247742081e-13,3.801165897290497e-13,6.335276495484159e-14,1.5830206936369013e-14,7.984302341391033e-18
16.09999999999996,1.2967255106840165e-14,-2.593451021368033e-14,5.186902042736062e-14,3.3629941001174466e-28,1.6814970500587233e-27,2.017796460070468e-27,-2.593451021368033e-13,3.1121412256416393e-13,5.186902042736062e-14,1.2960677246393702e-14,6.577860446462723e-18
16.19999999999996,1.0616723997806938e-14,-2.1233447995613876e-14,4.246689599122779e-14,2.2542965689121945e-28,1.1271482844560973e-27,1.3525779413473167e-27,-2.1233447995613874e-13,2.5480137594736653e-13,4.246689599122779e-14,1.0611305042340552e-14,5.418955466385797e-18
16.29999999999996,8.692265827804467e-15,-1.7384531655608934e-14,3.4769063311217856e-14,1.5111097044243456e-28,7.555548522121728e-28,9.066658226546073e-28,-1.7384531655608935e-13,2.086143798673072e-13,3.4769063311217856e-14,8.687801768455641e-15,4.464059348826223e-18
16.399999999999963,7.116647775417778e-15,-1.4233295550835556e-14,2.846659110167111e-14,1.0129335111871762e-28,5.064667555935881e-28,6.077601067123057e-28,-1.4233295550835556e-13,1.7079954661002668e-13,2.846659110167111e-14,7.11297048447989e-15,3.6772909378883535e-18
16.499999999999964,5.8266367553270485e-15,-1.1653273510654097e-14,2.3306547021308206e-14,6.789939175705623e-29,3.3949695878528117e-28,4.073963505423374e-28,-1.1653273510654096e-13,1.3983928212784916e-13,2.3306547021308206e-14,5.8236076813796605e-15,3.0290739473879287e-18
16.599999999999966,4.770461732811432e-15,-9.540923465622865e-15,1.9081846931245744e-14,4.5514610288436516e-29,2.275730514421825e-28,2.73087661730619e-28,-9.540923465622864e-14,1.1449108158747439e-13,1.9081846931245744e-14,4.7679667026066755e-15,2.49503020475639e-18
16.699999999999967,3.905736036043813e-15,-7.811472072087628e-15,1.5622944144175274e-14,3.050954796650249e-29,1.5254773983251237e-28,1.8305728779901486e-28,-7.811472072087626e-14,9.373766486505153e-14,1.5622944144175274e-14,3.9036809690758946e-15,2.055066967918426e-18
16.79999999999997,3.197756283910271e-15,-6.395512567820543e-15,1.2791025135641099e-14,2.0451290502575258e-29,1.0225645251287626e-28,1.2270774301545152e-28,-6.395512567820542e-14,7.674615081384652e-14,1.2791025135641099e-14,3.1960636595876843e-15,1.6926243225867549e-18
16.89999999999997,2.6181096615134694e-15,-5.236219323026939e-15,1.0472438646053878e-14,1.3708996399420346e-29,6.854498199710173e-29,8.225397839652209e-29,-5.236219323026939e-14,6.283463187632327e-14,1.0472438646053878e-14,2.6167156068993878e-15,1.3940546140816213e-18
16.99999999999997,2.143533650203128e-15,-4.287067300406256e-15,8.574134600812516e-15,9.18947301910629e-30,4.594736509553145e-29,5.513683811463774e-29,-4.2870673004062555e-14,5.144480760487507e-14,8.574134600812516e-15,2.142385539427638e-15,1.1481107754896873e-18
17.099999999999973,1.754982450542974e-15,-3.509964901085948e-15,7.019929802171896e-15,6.159926803427645e-30,3.0799634017138226e-29,3.695956082056587e-29,-3.509964901085948e-14,4.211957881303138e-14,7.019929802171896e-15,1.7540369260789635e-15,9.455244640105906e-19
17.199999999999974,1.436862631674551e-15,-2.8737252633491018e-15,5.747450526698198e-15,4.129148444605432e-30,2.0645742223027168e-29,2.47748906676326e-29,-2.873725263349102e-14,3.448470316018922e-14,5.747450526698198e-15,1.4360839734152143e-15,7.786582593368293e-19
17.299999999999976,1.1764073319730107e-15,-2.3528146639460215e-15,4.705629327892043e-15,2.767868421439715e-30,1.3839342107198576e-29,1.660721052863829e-29,-2.3528146639460215e-14,2.8233775967352258e-14,4.705629327892043e-15,1.1757661130374554e-15,6.412189355553928e-19
17.399999999999977,9.631638962640363e-16,-1.9263277925280727e-15,3.852655585056143e-15,1.8553693821330388e-30,9.276846910665194e-30,1.1132216292798233e-29,-1.9263277925280728e-14,2.311593351033687e-14,3.852655585056143e-15,9.626358751707246e-16,5.28021093311706e-19
17.49999999999998,7.885743873345754e-16,-1.5771487746691508e-15,3.154297549338299e-15,1.2436991287202019e-30,6.2184956436010096e-30,7.462194772321211e-30,-1.577148774669151e-14,1.8925785296029808e-14,3.154297549338299e-15,7.881395950184073e-16,4.347923161681086e-19
17.59999999999998,6.45632136723728e-16,-1.291264273447456e-15,2.5825285468949134e-15,8.336817119408934e-31,4.168408559704467e-30,5.0020902716453606e-30,-1.291264273447456e-14,1.5495171281369474e-14,2.5825285468949134e-15,6.452741241599944e-16,3.580125637336826e-19
17.69999999999998,5.286005514069403e-16,-1.0572011028138806e-15,2.11440220562776e-15,5.588370858954426e-31,2.794185429477213e-30,3.353022515372656e-30,-1.0572011028138806e-14,1.2686413233766566e-14,2.11440220562776e-15,5.283057696152459e-16,2.9478179169439286e-19
17.799999999999983,4.3278289145524226e-16,-8.655657829104845e-16,1.731131565820969e-15,3.7460206227272e-31,1.8730103113636e-30,2.24761237363632e-30,-8.655657829104845e-15,1.0386789394925814e-14,1.731131565820969e-15,4.3254018061253185e-16,2.427108427104095e-19
17.899999999999984,3.543337793307887e-16,-7.086675586615774e-16,1.4173351173231547e-15,2.5110485434968007e-31,1.2555242717484004e-30,1.5066291260980804e-30,-7.0866755866157735e-15,8.504010703938928e-15,1.4173351173231547e-15,3.541339478093835e-16,1.9983152140519247e-19
17.999999999999986,2.901048762640944e-16,-5.802097525281887e-16,1.160419505056376e-15,1.68321678464411e-31,8.416083923220552e-31,1.0099300707864661e-30,-5.802097525281888e-15,6.962517030338264e-15,1.160419505056376e-15,2.899403537804544e-16,1.6452248364002165e-19
18.099999999999987,2.375185323599562e-16,-4.750370647199124e-16,9.500741294398253e-16,1.1283010642885513e-31,5.6415053214427565e-31,6.769806385731308e-31,-4.750370647199124e-15,5.700444776638949e-15,9.500741294398253e-16,2.3738308419836725e-16,1.3544816158896564e-19
18.19999999999999,1.9446433972750816e-16,-3.889286794550163e-16,7.778573589100325e-16,7.563275885131142e-32,3.781637942565571e-31,4.537965531078685e-31,-3.8892867945501634e-15,4.667144153460196e-15,7.778573589100325e-16,1.9435283129370265e-16,1.115084338055084e-19
18.29999999999999,1.592144370795685e-16,-3.18428874159137e-16,6.368577483182735e-16,5.069847394912776e-32,2.534923697456388e-31,3.0419084369476657e-31,-3.1842887415913704e-15,3.821146489909644e-15,6.368577483182735e-16,1.5912263992793066e-16,9.179715163785505e-20
18.39999999999999,1.303541667849454e-16,-2.607083335698908e-16,5.214166671397816e-16,3.398441759639472e-32,1.699220879819736e-31,2.0390650557836832e-31,-2.607083335698908e-15,3.1285000028386894e-15,5.214166671397816e-16,1.3027859881995086e-16,7.556796499453155e-20
18.499999999999993,1.0672530148572763e-16,-2.1345060297145524e-16,4.2690120594291013e-16,2.2780579954438907e-32,1.1390289977219455e-31,1.3668347972663345e-31,-2.1345060297145526e-15,2.5614072356574628e-15,4.2690120594291013e-16,1.0666309532180234e-16,6.220616392529582e-20
18.599999999999994,8.737956183641474e-17,-1.7475912367282945e-16,3.495182473456587e-16,1.527037565344765e-32,7.635187826723828e-32,9.162225392068593e-32,-1.7475912367282947e-15,2.0971094840739534e-15,3.495182473456587e-16,8.732835635844755e-17,5.120547796718712e-20
18.699999999999996,7.154055992753395e-17,-1.4308111985506793e-16,2.861622397101361e-16,1.0236103429490158e-32,5.118051714745077e-32,6.141662057694092e-32,-1.430811198550679e-15,1.716973438260815e-15,2.861622397101361e-16,7.149841096641392e-17,4.214896112003802e-20
18.799999999999997,5.857264109800297e-17,-1.1714528219600594e-16,2.342905643920119e-16,6.861508570390933e-33,3.4307542851954664e-32,4.1169051422345595e-32,-1.1714528219600594e-15,1.4057433863520713e-15,2.342905643920119e-16,5.853794785441095e-17,3.4693243592026744e-20
18.9,4.7955373688304965e-17,-9.591074737660993e-17,1.9182149475322e-16,4.599435731169944e-33,2.299717865584972e-32,2.7596614387019665e-32,-9.591074737660993e-16,1.1509289685193193e-15,1.9182149475322e-16,4.7926818130481366e-17,2.855555782359925e-20
19.0,3.926266295107155e-17,-7.85253259021431e-17,1.5705065180428635e-16,3.083113404018893e-33,1.5415567020094465e-32,1.8498680424113356e-32,-7.85253259021431e-16,9.423039108257173e-16,1.5705065180428635e-16,3.923915990060037e-17,2.3503050471178957e-20
19.1,3.214565091347398e-17,-6.429130182694796e-17,1.2858260365389587e-16,2.066685745301861e-33,1.0333428726509306e-32,1.2400114471811166e-32,-6.429130182694797e-16,7.714956219233755e-16,1.2858260365389587e-16,3.21263069355658e-17,1.9343977908182673e-20
19.200000000000003,2.6318715924558264e-17,-5.263743184911653e-17,1.0527486369823302e-16,1.3853496158351936e-33,6.926748079175968e-33,8.312097695011161e-33,-5.263743184911653e-16,6.316491821893983e-16,1.0527486369823302e-16,2.6302795470970103e-17,1.5920453588160637e-20
19.300000000000004,2.1548010017966672e-17,-4.309602003593334e-17,8.619204007186666e-17,9.286334714687837e-34,4.64316735734392e-33,5.571800828812704e-33,-4.309602003593334e-16,5.171522404312001e-16,8.619204007186666e-17,2.153490754400342e-17,1.3102473963252822e-20
19.400000000000006,1.7642074068709914e-17,-3.528414813741982e-17,7.05682962748396e-17,6.224855548916934e-34,3.112427774458468e-33,3.734913329350161e-33,-3.5284148137419827e-16,4.2340977764903787e-16,7.05682962748396e-17,1.7631291070966583e-17,1.0782997743331445e-20
19.500000000000007,1.4444154109188432e-17,-2.888830821837686e-17,5.777661643675364e-17,4.172671758599699e-34,2.0863358792998505e-33,2.5036030551598205e-33,-2.8888308218376865e-16,3.466596986205223e-16,5.777661643675364e-17,1.4435280216269526e-17,8.8738929189056e-21
19.60000000000001,1.1825910440996209e-17,-2.3651820881992417e-17,4.730364176398487e-17,2.797043155169263e-34,1.3985215775846315e-33,1.6782258931015577e-33,-2.3651820881992416e-16,2.8382185058390903e-16,4.730364176398487e-17,1.1818607842358009e-17,7.302598638199505e-21
19.70000000000001,9.682267075058296e-18,-1.9364534150116592e-17,3.8729068300233184e-17,1.8749259142551586e-34,9.374629571275793e-34,1.1249555485530952e-33,-1.9364534150116592e-16,2.323744098013991e-16,3.8729068300233184e-17,9.676257699107087e-18,6.009375951208763e-21
19.80000000000001,7.927194796586062e-18,-1.5854389593172123e-17,3.1708779186344234e-17,1.2568083468604227e-34,6.284041734302113e-34,7.540850081162535e-34,-1.5854389593172125e-16,1.9025267511806548e-16,3.1708779186344234e-17,7.922249752966543e-18,4.945043619518577e-21
19.900000000000013,6.490258619791562e-18,-1.2980517239583123e-17,2.5961034479166265e-17,8.424691390355734e-35,4.212345695177867e-34,5.05481483421344e-34,-1.2980517239583123e-16,1.557662068749975e-16,2.5961034479166265e-17,6.4861895063181356e-18,4.069113473426085e-21
20.000000000000014,5.313791073977345e-18,-1.0627582147954688e-17,2.1255164295909355e-17,5.647275115576259e-35,2.8236375577881303e-34,3.3883650693457563e-34,-1.062758214795469e-16,1.2753098577545625e-16,2.1255164295909355e-17,5.310442819114335e-18,3.3482548630098493e-21
